-10.858,-0.15421,-89.22
-10.883,-0.18069,-89.212
-10.856,-0.18887,-89.196
-10.833,-0.19044,-89.19
-10.84,-0.19429,-89.191
-10.813,-0.21059,-89.18
-10.808,-0.2102,-89.19
-10.805,-0.20769,-89.187
-10.837,-0.20524,-89.196
-10.824,-0.20832,-89.202
-10.715,-0.19448,-89.215
-10.722,-0.19234,-89.227
-10.767,-0.19977,-89.237
-10.831,-0.23209,-89.198
-10.804,-0.23263,-89.177
-10.811,-0.25989,-89.151
-10.787,-0.25101,-89.135
-10.755,-0.23634,-89.153
-10.732,-0.25649,-89.13
-10.735,-0.26961,-89.136
-10.706,-0.27123,-89.135
-10.654,-0.26704,-89.115
-10.678,-0.27329,-89.123
-10.677,-0.25284,-89.148
-10.638,-0.23894,-89.155
-10.698,-0.25713,-89.127
-10.703,-0.28047,-89.112
-10.691,-0.28838,-89.118
-10.671,-0.28947,-89.104
-10.625,-0.28881,-89.105
-10.597,-0.30286,-89.112
-10.543,-0.28457,-89.115
-10.533,-0.3056,-89.106
-10.59,-0.28487,-89.119
-10.647,-0.29369,-89.117
-10.681,-0.30767,-89.116
-10.66,-0.28441,-89.115
-10.574,-0.26882,-89.135
-10.587,-0.26569,-89.117
-10.566,-0.2743,-89.109
-10.536,-0.28989,-89.1
-10.522,-0.31221,-89.087
-10.539,-0.32186,-89.087
-10.572,-0.32572,-89.074
-10.495,-0.30913,-89.057
-10.508,-0.28839,-89.073
-10.58,-0.29791,-89.052
-10.592,-0.28801,-89.065
-10.618,-0.28569,-89.065
-10.64,-0.30235,-89.035
-10.561,-0.27008,-89.047
-10.605,-0.28881,-89.04
-10.569,-0.28484,-89.032
-10.631,-0.29429,-89.012
-10.545,-0.2995,-89.008
-10.484,-0.31741,-88.99
-10.508,-0.34702,-89.004
-10.463,-0.34535,-88.988
-10.493,-0.34464,-88.995
-10.519,-0.30546,-89.014
-10.573,-0.27627,-89.019
-10.511,-0.27861,-89.022
-10.58,-0.31123,-89.024
-10.525,-0.30172,-89.051
-10.526,-0.30477,-89.026
-10.485,-0.31587,-89.032
-10.521,-0.32154,-89.033
-10.459,-0.29097,-89.067
-10.443,-0.26893,-89.086
-10.443,-0.28457,-89.077
-10.483,-0.30875,-89.069
-10.487,-0.30506,-89.064
-10.549,-0.29284,-89.098
-10.535,-0.26079,-89.106
-10.5,-0.26006,-89.1
-10.542,-0.26679,-89.124
-10.561,-0.27086,-89.112
-10.572,-0.24828,-89.126
-10.441,-0.25909,-89.11
-10.489,-0.25844,-89.128
-10.553,-0.23812,-89.122
-10.505,-0.28054,-89.098
-10.602,-0.25599,-89.119
-10.608,-0.2378,-89.128
-10.594,-0.24434,-89.141
-10.615,-0.23551,-89.14
-10.674,-0.23473,-89.157
-10.667,-0.22664,-89.169
-10.691,-0.22877,-89.169
-10.687,-0.2049,-89.183
-10.649,-0.22719,-89.166
-10.646,-0.2322,-89.155
-10.637,-0.25721,-89.15
-10.625,-0.26075,-89.164
-10.634,-0.23486,-89.162
-10.591,-0.22721,-89.158
-10.58,-0.21038,-89.163
-10.609,-0.22556,-89.151
-10.576,-0.23798,-89.153
-10.433,-0.25562,-89.146
-10.393,-0.24973,-89.124
-10.525,-0.21945,-89.135
-10.42,-0.2447,-89.141
-10.291,-0.25972,-89.146
-10.274,-0.25507,-89.142
-10.245,-0.24044,-89.133
-10.274,-0.24815,-89.136
-10.33,-0.27532,-89.161
-10.284,-0.28672,-89.16
-10.267,-0.26286,-89.14
-10.174,-0.23264,-89.148
-10.154,-0.23289,-89.143
-10.217,-0.24246,-89.164
-10.134,-0.25353,-89.158
-10.226,-0.26475,-89.153
-10.173,-0.27309,-89.136
-10.178,-0.2581,-89.159
-10.179,-0.26416,-89.142
-10.095,-0.30164,-89.115
-10.072,-0.26016,-89.131
-10.097,-0.26832,-89.12
-10.053,-0.2768,-89.111
-10.127,-0.29296,-89.121
-10.089,-0.24917,-89.124
-10.056,-0.22726,-89.13
-10.016,-0.23199,-89.13
-10.039,-0.20256,-89.156
-10.03,-0.21561,-89.155
-10.026,-0.23866,-89.15
-10.097,-0.22051,-89.151
-10.079,-0.22496,-89.193
-10.135,-0.21277,-89.194
-10.097,-0.21208,-89.183
-10.059,-0.19944,-89.186
-10.027,-0.19101,-89.182
-10.091,-0.18787,-89.203
-10.078,-0.19935,-89.206
-10.104,-0.17952,-89.209
-10.108,-0.20276,-89.208
-10.152,-0.19756,-89.204
-10.066,-0.19106,-89.218
-10.022,-0.16654,-89.219
-10.167,-0.18638,-89.194
-10.098,-0.19171,-89.195
-10.083,-0.1989,-89.188
-10.064,-0.17901,-89.19
-10.04,-0.18788,-89.197
-10.066,-0.17275,-89.194
-10.177,-0.18926,-89.17
-10.159,-0.2013,-89.156
-10.138,-0.19793,-89.153
-10.128,-0.17688,-89.155
-10.248,-0.16524,-89.148
-10.305,-0.19298,-89.137
-10.286,-0.20701,-89.105
-10.183,-0.17425,-89.122
-10.362,-0.10442,-89.126
-10.279,-0.14267,-89.115
-10.305,-0.12975,-89.126
-10.363,-0.16603,-89.098
-10.349,-0.14661,-89.104
-10.332,-0.1326,-89.118
-10.528,-0.09898,-89.132
-10.365,-0.13885,-89.113
-10.375,-0.13437,-89.113
-10.252,-0.1024,-89.116
-10.351,-0.13632,-89.126
-10.308,-0.13022,-89.134
-10.488,-0.10309,-89.124
-10.366,-0.12567,-89.13
-10.453,-0.13408,-89.114
-10.5,-0.097184,-89.142
-10.503,-0.087131,-89.16
-10.514,-0.079141,-89.152
-10.526,-0.13455,-89.139
-10.502,-0.15082,-89.151
-10.442,-0.1525,-89.139
-10.391,-0.14858,-89.131
-10.362,-0.13083,-89.116
-10.415,-0.14702,-89.117
-10.357,-0.14413,-89.14
-10.471,-0.090588,-89.139
-10.451,-0.080251,-89.125
-10.452,-0.069834,-89.143
-10.5,-0.094197,-89.12
-10.423,-0.14041,-89.106
-10.388,-0.1258,-89.107
-10.484,-0.087318,-89.107
-10.364,-0.13473,-89.108
-10.382,-0.13169,-89.111
-10.407,-0.13694,-89.111
-10.344,-0.1244,-89.116
-10.275,-0.1227,-89.131
-10.243,-0.11572,-89.141
-10.339,-0.13066,-89.142
-10.349,-0.13274,-89.127
-10.37,-0.13868,-89.147
-10.301,-0.13254,-89.144
-10.328,-0.13151,-89.143
-10.406,-0.13841,-89.138
-10.413,-0.13286,-89.149
-10.366,-0.13215,-89.181
-10.208,-0.11533,-89.165
-10.221,-0.11932,-89.161
-10.274,-0.13362,-89.162
-10.304,-0.12972,-89.164
-10.363,-0.14709,-89.17
-10.307,-0.14426,-89.152
-10.433,-0.070324,-89.161
-10.417,-0.14297,-89.178
-10.538,-0.14493,-89.192
-10.556,-0.14667,-89.188
-10.567,-0.15643,-89.186
-10.63,-0.10538,-89.201
-10.643,-0.090456,-89.208
-10.493,-0.12566,-89.172
-10.627,-0.10787,-89.179
-10.484,-0.1654,-89.151
-10.484,-0.16252,-89.15
-10.54,-0.17361,-89.12
-10.564,-0.11366,-89.141
-10.596,-0.10529,-89.129
-10.606,-0.098834,-89.137
-10.591,-0.10493,-89.141
-10.506,-0.12163,-89.155
-10.393,-0.11034,-89.167
-10.395,-0.12779,-89.16
-10.454,-0.16429,-89.136
-10.434,-0.17923,-89.129
-10.487,-0.10705,-89.158
-10.41,-0.089192,-89.164
-10.394,-0.14876,-89.153
-10.431,-0.19337,-89.135
-10.446,-0.18997,-89.13
-10.384,-0.1509,-89.156
-10.427,-0.14878,-89.149
-10.425,-0.15378,-89.135
-10.422,-0.17554,-89.14
-10.457,-0.19012,-89.122
-10.439,-0.18722,-89.111
-10.502,-0.12096,-89.118
-10.415,-0.15554,-89.102
-10.444,-0.15252,-89.112
-10.473,-0.17392,-89.084
-10.52,-0.11802,-89.099
-10.482,-0.10623,-89.112
-10.477,-0.086555,-89.135
-10.385,-0.13266,-89.136
-10.542,-0.14767,-89.122
-10.521,-0.13598,-89.131
-10.601,-0.096012,-89.13
-10.555,-0.087086,-89.151
-10.488,-0.081717,-89.145
-10.403,-0.12538,-89.137
-10.457,-0.14089,-89.139
-10.444,-0.1698,-89.11
-10.459,-0.12435,-89.141
-10.47,-0.10353,-89.153
-10.492,-0.092288,-89.158
-10.49,-0.14606,-89.144
-10.49,-0.14344,-89.129
-10.481,-0.14548,-89.136
-10.533,-0.14976,-89.152
-10.544,-0.12624,-89.168
-10.506,-0.13944,-89.172
-10.408,-0.14175,-89.148
-10.406,-0.14412,-89.134
-10.486,-0.095731,-89.153
-10.336,-0.12019,-89.132
-10.389,-0.11924,-89.13
-10.339,-0.13909,-89.124
-10.403,-0.13815,-89.132
-10.431,-0.11377,-89.139
-10.427,-0.10487,-89.143
-10.501,-0.11429,-89.152
-10.511,-0.13348,-89.139
-10.487,-0.12747,-89.148
-10.425,-0.1294,-89.146
-10.337,-0.10715,-89.149
-10.317,-0.11749,-89.146
-10.31,-0.11448,-89.137
-10.278,-0.12258,-89.132
-10.304,-0.10972,-89.141
-10.314,-0.11286,-89.142
-10.394,-0.12533,-89.166
-10.449,-0.1224,-89.16
-10.373,-0.061197,-89.194
-10.406,-0.06285,-89.182
-10.392,-0.068978,-89.156
-10.38,-0.076104,-89.171
-10.374,-0.089153,-89.153
-10.358,-0.091392,-89.154
-10.328,-0.087384,-89.156
-10.299,-0.073535,-89.182
-10.316,-0.082552,-89.17
-10.35,-0.086325,-89.176
-10.311,-0.078569,-89.187
-10.299,-0.068626,-89.175
-10.322,-0.05584,-89.182
-10.34,-0.05125,-89.185
-10.364,-0.050857,-89.174
-10.239,-0.040392,-89.206
-10.244,-0.026052,-89.227
-10.38,0.041544,-89.175
-10.417,0.030042,-89.18
-10.463,0.016224,-89.168
-10.445,-0.0022422,-89.158
-10.471,-0.0056198,-89.171
-10.447,0.0057316,-89.176
-10.476,0.0082444,-89.17
-10.514,0.012804,-89.179
-10.568,-0.010149,-89.194
-10.612,-0.027974,-89.196
-10.628,-0.024546,-89.204
-10.611,-0.031443,-89.178
-10.631,-0.037351,-89.18
-10.594,-0.043495,-89.145
-10.548,-0.053435,-89.123
-9.9695,-0.23613,-89.103
-9.9656,-0.23352,-89.098
-9.9521,-0.23807,-89.097
-9.9624,-0.23022,-89.111
-9.0892,-0.53144,-88.371
-10.002,-0.21448,-89.118
-10.005,-0.20582,-89.137
-9.9151,-0.25441,-89.053
-10.032,-0.21236,-89.143
-9.0864,-0.52549,-88.401
-9.9664,-0.237,-89.151
-9.8643,-0.25383,-89.119
-9.8938,-0.22717,-89.157
-9.9266,-0.22106,-89.157
-9.9592,-0.22162,-89.162
-9.8931,-0.2477,-89.095
-9.9852,-0.22256,-89.16
-10.025,-0.2102,-89.181
-8.881,-0.59959,-88.33
-10.029,-0.22088,-89.164
-8.7952,-0.64366,-88.357
-9.9201,-0.26223,-89.161
-9.915,-0.26925,-89.157
-9.8867,-0.26625,-89.18
-9.8632,-0.27995,-89.156
-9.1708,-0.52938,-88.493
-9.7801,-0.26191,-89.083
-9.7925,-0.27016,-89.125
-9.9994,-0.21804,-89.156
-10.144,-0.19897,-89.148
-10.113,-0.20544,-89.128
-10.138,-0.19443,-89.152
-10.158,-0.20749,-89.151
-10.178,-0.20775,-89.145
-10.182,-0.19676,-89.123
-10.211,-0.17168,-89.119
-10.187,-0.15353,-89.125
-10.205,-0.15284,-89.124
-10.156,-0.14612,-89.122
-10.216,-0.14513,-89.111
-10.242,-0.14928,-89.119
-10.278,-0.12817,-89.137
-10.307,-0.11941,-89.14
-10.495,-0.044681,-89.172
-10.345,-0.071954,-89.175
-10.363,-0.074719,-89.212
-10.422,-0.091352,-89.208
-10.293,-0.075129,-89.198
-10.284,-0.074073,-89.198
-10.258,-0.090791,-89.179
-10.167,-0.092136,-89.187
-10.251,-0.11782,-89.174
-10.248,-0.12537,-89.147
-10.223,-0.12197,-89.159
-10.25,-0.1118,-89.176
-10.273,-0.10668,-89.195
-10.318,-0.10052,-89.2
-10.256,-0.084879,-89.186
-10.256,-0.10228,-89.162
-10.211,-0.10242,-89.167
-10.314,-0.12382,-89.144
-10.306,-0.13174,-89.158
-10.187,-0.10918,-89.141
-10.182,-0.11163,-89.127
-10.177,-0.097544,-89.144
-10.209,-0.11797,-89.132
-10.224,-0.12734,-89.152
-10.17,-0.11273,-89.167
-10.207,-0.10948,-89.176
-10.177,-0.096223,-89.194
-10.292,-0.12519,-89.206
-10.279,-0.11338,-89.208
-10.248,-0.10823,-89.22
-10.216,-0.073479,-89.226
-10.193,-0.062697,-89.233
-10.212,-0.10523,-89.233
-10.181,-0.10568,-89.237
-10.255,-0.089813,-89.226
-10.253,-0.075065,-89.224
-10.24,-0.066197,-89.226
-10.272,-0.071075,-89.245
-10.218,-0.047488,-89.251
-10.285,-0.074447,-89.246
-10.271,-0.071806,-89.235
-10.235,-0.081428,-89.225
-10.161,-0.050651,-89.225
-10.202,-0.060661,-89.215
-10.248,-0.076822,-89.195
-10.281,-0.09017,-89.176
-10.304,-0.093822,-89.16
-10.285,-0.071067,-89.171
-10.218,-0.041637,-89.204
-10.342,-0.079197,-89.186
-10.398,-0.077143,-89.195
-10.341,-0.061313,-89.203
-10.446,0.01427,-89.231
-10.466,0.011143,-89.231
-10.372,-0.035945,-89.208
-10.348,-0.038132,-89.217
-10.319,-0.023552,-89.226
-10.397,-0.0085343,-89.226
-10.413,-0.0055852,-89.257
-10.393,-0.011433,-89.242
-10.293,-0.04457,-89.226
-10.425,-0.011328,-89.242
-10.429,0.010547,-89.282
-10.397,0.012479,-89.27
-10.413,0.0083972,-89.267
-10.377,0.0012476,-89.267
-10.338,-0.042321,-89.25
-10.358,-0.03295,-89.256
-10.413,-0.0056359,-89.278
-10.353,0.0049649,-89.272
-10.331,0.0092816,-89.263
-10.368,-0.0050115,-89.263
-10.427,0.007219,-89.257
-10.411,0.022356,-89.26
-10.356,0.043775,-89.267
-10.374,0.043304,-89.276
-10.451,0.029219,-89.295
-10.497,0.023237,-89.266
-10.432,0.036814,-89.265
-10.395,0.045161,-89.281
-10.439,0.032774,-89.269
-10.455,0.039078,-89.255
-10.505,0.030229,-89.248
-10.476,0.0081854,-89.241
-10.469,0.0023685,-89.237
-10.467,0.020114,-89.229
-10.524,0.01951,-89.226
-10.538,0.0074738,-89.233
-10.529,0.015097,-89.225
-10.502,0.0095262,-89.238
-10.51,0.022017,-89.219
-10.506,0.030147,-89.223
-10.437,0.028749,-89.239
-10.443,0.018332,-89.245
-10.421,0.0049609,-89.237
-10.451,-0.001863,-89.232
-10.434,-0.011077,-89.241
-10.341,0.0053386,-89.277
-10.386,0.0073507,-89.286
-10.419,0.012803,-89.285
-10.469,0.0081595,-89.289
-10.441,0.014326,-89.307
-10.382,0.032468,-89.318
-10.339,0.037052,-89.322
-10.358,0.027154,-89.306
-10.269,-0.015881,-89.288
-10.274,-0.018615,-89.281
-10.383,0.017007,-89.288
-10.395,0.021135,-89.264
-10.423,0.031353,-89.27
-10.423,0.028694,-89.263
-10.415,0.04852,-89.277
-10.427,0.054839,-89.268
-10.453,0.056209,-89.27
-10.465,0.055346,-89.277
-10.464,0.044208,-89.275
-10.503,0.060179,-89.278
-10.504,0.048035,-89.291
-10.473,0.046897,-89.276
-10.463,0.037622,-89.274
-10.49,0.03341,-89.27
-10.536,0.027237,-89.278
-10.509,0.032394,-89.27
-10.503,0.032312,-89.265
-10.544,0.04414,-89.282
-10.579,0.038739,-89.269
-10.603,0.041825,-89.281
-10.563,0.054611,-89.272
-10.549,0.048887,-89.278
-10.558,0.045138,-89.26
-10.522,0.051265,-89.283
-10.464,0.06279,-89.277
-10.388,0.062548,-89.281
-10.407,0.04223,-89.244
-10.445,0.041671,-89.272
-10.502,0.026027,-89.262
-10.46,0.044285,-89.282
-10.397,0.066673,-89.293
-10.429,0.057148,-89.307
-10.497,0.04108,-89.312
-10.408,-0.022312,-89.287
-10.335,-0.0018145,-89.277
-10.351,0.048255,-89.292
-10.355,0.027975,-89.284
-10.417,0.014736,-89.265
-10.436,0.0011139,-89.243
-10.474,0.0011496,-89.229
-10.414,0.02174,-89.238
-10.451,0.01758,-89.253
-10.482,0.013134,-89.22
-10.56,0.0067432,-89.21
-10.507,0.0077587,-89.206
-10.545,0.027438,-89.21
-10.41,0.032571,-89.225
-10.407,0.036701,-89.223
-10.415,0.01407,-89.212
-10.506,-0.004207,-89.206
-10.513,0.011557,-89.208
-10.492,0.018589,-89.213
-10.434,0.023364,-89.213
-10.439,0.0093962,-89.227
-10.455,0.014743,-89.246
-10.498,0.036132,-89.26
-10.508,0.034019,-89.263
-10.46,0.059073,-89.287
-10.444,0.055344,-89.296
-10.353,0.0038155,-89.276
-10.355,-0.0031147,-89.263
-10.399,0.031581,-89.268
-10.347,0.0437,-89.275
-10.412,0.033886,-89.27
-10.482,0.019075,-89.287
-10.457,0.023854,-89.278
-10.443,0.02593,-89.271
-10.422,0.033969,-89.273
-10.37,0.072127,-89.289
-10.458,0.043636,-89.27
-10.467,0.03117,-89.28
-10.336,0.0037626,-89.274
-10.429,0.040251,-89.263
-10.421,0.040764,-89.268
-10.43,0.035633,-89.255
-10.431,0.036395,-89.275
-10.39,0.03629,-89.249
-10.38,0.04369,-89.244
-10.422,0.034962,-89.236
-10.473,0.030586,-89.247
-10.33,0.0052178,-89.243
-10.338,0.027037,-89.243
-10.429,0.072421,-89.267
-10.436,0.083939,-89.276
-10.496,0.058649,-89.256
-10.341,0.031609,-89.231
-10.3,0.041382,-89.253
-10.373,0.068153,-89.261
-10.358,0.081812,-89.256
-10.392,0.07731,-89.254
-10.43,0.081339,-89.259
-10.392,0.033643,-89.281
-10.392,0.025299,-89.282
-10.446,0.075873,-89.294
-10.425,0.095108,-89.297
-10.347,0.041507,-89.273
-10.437,0.013593,-89.271
-10.372,0.015555,-89.248
-10.441,0.069789,-89.266
-10.385,0.090871,-89.275
-10.425,0.055572,-89.254
-10.392,0.0082024,-89.23
-10.373,0.029297,-89.246
-10.3,0.05339,-89.24
-10.353,0.090972,-89.267
-10.311,0.041481,-89.24
-10.414,0.010891,-89.251
-10.362,0.025578,-89.258
-10.323,0.049449,-89.233
-10.273,0.059528,-89.232
-10.286,0.033682,-89.228
-10.301,0.015905,-89.234
-10.284,0.020442,-89.231
-10.219,0.028707,-89.239
-10.17,0.039655,-89.224
-10.194,0.017644,-89.232
-10.224,0.015677,-89.24
-10.2,0.013292,-89.241
-10.218,0.026049,-89.249
-10.167,0.052966,-89.245
-10.184,0.042463,-89.233
-10.199,0.03419,-89.248
-10.203,0.020623,-89.243
-10.112,0.030841,-89.219
-10.1,0.036246,-89.223
-10.133,0.020447,-89.208
-10.219,-0.00092164,-89.202
-10.167,0.010252,-89.21
-10.17,0.027169,-89.204
-10.215,0.027678,-89.197
-10.233,0.026758,-89.197
-10.262,0.014709,-89.201
-10.296,0.01174,-89.212
-10.275,0.01398,-89.221
-10.225,0.022624,-89.191
-10.236,0.012203,-89.195
-10.197,0.024342,-89.202
-10.23,0.0024225,-89.19
-10.185,-0.00036533,-89.188
-10.23,-0.011478,-89.203
-10.226,0.00018811,-89.206
-10.18,0.036667,-89.211
-10.271,0.028231,-89.231
-10.262,0.036658,-89.237
-10.196,0.01807,-89.242
-10.199,0.019765,-89.243
-10.241,0.011403,-89.248
-10.086,0.024372,-89.231
-10.141,0.0095554,-89.229
-10.106,0.020829,-89.24
-10.11,0.0031708,-89.227
-10.107,0.0067378,-89.218
-10.083,0.008066,-89.204
-10.065,0.0071726,-89.203
-10.168,0.00057311,-89.213
-10.092,0.014726,-89.235
-10.04,0.051785,-89.235
-10.059,0.041476,-89.222
-9.9622,0.049183,-89.225
-10.031,0.026533,-89.223
-10.079,0.021121,-89.188
-10.091,0.008991,-89.163
-10.009,0.023563,-89.167
-10.002,0.03251,-89.168
-10.057,0.025721,-89.148
-10.108,0.024597,-89.167
-10.201,0.00065153,-89.178
-10.153,0.028322,-89.194
-10.136,0.033418,-89.189
-10.058,0.046731,-89.206
-10.111,0.040502,-89.223
-10.124,0.037353,-89.236
-10.059,0.057456,-89.243
-10.043,0.037968,-89.226
-10.076,0.0046844,-89.212
-10.085,0.0018255,-89.196
-10.109,-0.00062747,-89.223
-10.146,0.0099106,-89.228
-10.112,0.013917,-89.236
-10.088,0.026461,-89.24
-10.103,0.021946,-89.22
-10.117,0.025472,-89.24
-10.102,0.031156,-89.246
-10.082,0.047464,-89.26
-10.109,0.030404,-89.244
-10.053,0.042246,-89.242
-10.081,0.034395,-89.248
-10.052,0.021776,-89.216
-10.04,0.012982,-89.201
-10.103,-0.0076492,-89.191
-10.057,0.019293,-89.226
-10.092,0.0073446,-89.209
-10.045,0.017419,-89.212
-10.072,0.035666,-89.214
-10.063,0.058678,-89.236
-10.138,0.037227,-89.235
-10.155,0.019177,-89.222
-10.102,0.030232,-89.225
-10.153,0.01363,-89.222
-10.173,0.0087249,-89.21
-10.114,-0.0011769,-89.201
-10.082,-0.0017297,-89.215
-10.024,0.019596,-89.219
-10.037,0.018211,-89.223
-10.061,0.027201,-89.218
-10.107,0.014972,-89.235
-10.173,0.012836,-89.242
-10.126,0.037441,-89.246
-10.067,0.065282,-89.263
-10.011,0.078573,-89.245
-9.9787,0.057501,-89.27
-9.9299,0.057346,-89.266
-9.9068,0.047282,-89.256
-9.971,0.045012,-89.268
-9.9797,0.03863,-89.248
-10.026,0.01247,-89.267
-10.084,0.0076626,-89.267
-10.118,-0.014129,-89.254
-10.149,-0.023459,-89.259
-10.118,-0.012186,-89.281
-10.097,-9.5169e-05,-89.286
-10.119,0.010942,-89.29
-9.9956,0.053268,-89.285
-10.064,0.023597,-89.254
-9.9843,0.044514,-89.267
-9.9422,0.046382,-89.239
-9.9943,0.024939,-89.216
-10.071,0.0059686,-89.208
-10.046,0.011186,-89.219
-10.028,0.029268,-89.251
-9.943,0.052126,-89.265
-9.9567,0.046079,-89.232
-10.027,0.015417,-89.225
-9.9867,0.033517,-89.251
-9.9912,0.028272,-89.256
-9.9185,0.047231,-89.266
-9.9173,0.039353,-89.269
-9.9248,0.032356,-89.266
-9.9127,0.032864,-89.281
-9.9052,0.035854,-89.271
-9.9576,0.0079225,-89.274
-9.9925,-0.0069967,-89.265
-9.9438,0.019434,-89.282
-9.966,0.023718,-89.28
-10.003,0.033945,-89.304
-9.9287,0.029517,-89.303
-9.9694,0.035803,-89.309
-9.8714,0.039077,-89.305
-9.9524,0.02425,-89.303
-10.017,0.0065276,-89.286
-10.064,-0.0060875,-89.26
-10.125,0.0091545,-89.275
-9.9175,0.066604,-89.286
-9.9384,0.065969,-89.287
-9.9505,0.0639,-89.289
-9.9979,0.057396,-89.287
-9.9946,0.044108,-89.28
-10.024,0.055904,-89.264
-9.9988,0.071079,-89.26
-10.004,0.087625,-89.271
-10.015,0.073163,-89.257
-10.007,0.037293,-89.265
-9.9726,0.030445,-89.269
-10.031,0.073924,-89.258
-9.9699,0.05138,-89.252
-9.9592,0.051235,-89.246
-9.9892,0.061189,-89.251
-9.959,0.049067,-89.239
-9.9746,0.062218,-89.253
-10.005,0.076668,-89.283
-9.9917,0.080379,-89.284
-9.982,0.05102,-89.297
-9.974,0.034144,-89.281
-9.9593,0.048138,-89.281
-9.9451,0.045211,-89.244
-9.9575,0.047921,-89.238
-9.9477,0.039068,-89.248
-9.9634,0.035678,-89.252
-9.9446,0.03049,-89.227
-9.9767,0.049879,-89.232
-9.984,0.052665,-89.22
-9.9885,0.046734,-89.247
-9.973,0.044299,-89.231
-10.002,0.0572,-89.214
-9.9778,0.049566,-89.212
-9.9672,0.059092,-89.205
-10.01,0.048123,-89.21
-9.9661,0.046421,-89.216
-10.004,0.054719,-89.215
-9.9847,0.068127,-89.218
-9.9744,0.063582,-89.244
-9.9457,0.03748,-89.241
-9.97,0.038528,-89.245
-10.109,-0.0076758,-89.222
-10.006,0.033736,-89.244
-9.9889,0.029823,-89.258
-10.018,0.020447,-89.258
-10.048,0.032251,-89.276
-10.026,0.056043,-89.294
-9.9825,0.050476,-89.272
-9.9806,0.017199,-89.267
-10.024,0.0006736,-89.247
-10.046,0.00084096,-89.264
-10.004,0.010246,-89.261
-10.049,0.030135,-89.269
-10.059,0.0057619,-89.249
-10.046,0.002889,-89.259
-10.091,-0.00067805,-89.265
-10.043,0.02807,-89.261
-9.968,0.032872,-89.265
-9.976,0.023353,-89.256
-10,0.023273,-89.25
-10.081,0.013909,-89.26
-10.009,0.0067691,-89.258
-9.9331,0.024874,-89.239
-9.9535,0.016801,-89.249
-9.9619,-0.0064498,-89.222
-9.9954,0.0016683,-89.234
-10.019,0.025856,-89.242
-9.9823,0.019847,-89.233
-10.029,0.019987,-89.251
-10.097,-0.01726,-89.264
-10.07,0.014301,-89.272
-10.103,0.0028914,-89.265
-10.086,0.015487,-89.253
-10.088,0.018363,-89.269
-10.095,0.010683,-89.254
-10.106,0.011512,-89.263
-10.114,-0.0054312,-89.257
-10.145,-0.026823,-89.242
-10.139,0.0030985,-89.261
-10.116,0.030179,-89.308
-10.11,0.023176,-89.279
-10.087,0.021388,-89.275
-10.079,0.01579,-89.271
-9.9333,0.070684,-89.287
-9.6389,0.1537,-89.229
-9.8801,0.096492,-89.233
-9.8257,0.13235,-89.376
-10.1,0.25359,-89.57
-10.051,0.26485,-89.56
-10.096,0.27736,-89.55
-10.123,0.26358,-89.56
-10.18,0.25233,-89.58
-10.139,0.26916,-89.582
-10.14,0.27654,-89.562
-10.157,0.26973,-89.565
-10.186,0.26009,-89.558
-10.185,0.24561,-89.54
-10.252,0.23833,-89.55
-10.207,0.23848,-89.562
-10.28,0.21638,-89.538
-10.261,0.19494,-89.531
-10.201,0.21044,-89.517
-10.199,0.21484,-89.533
-10.117,0.24617,-89.535
-10.138,0.22658,-89.528
-10.13,0.22399,-89.511
-10.372,0.15033,-89.55
-10.334,0.16657,-89.554
-10.304,0.18644,-89.55
-8.0003,-0.59976,-88.242
-10.028,0.10164,-89.287
-9.5724,-0.097094,-89.114
-8.1211,-0.59476,-88.304
-8.1942,-0.61195,-88.293
-8.1874,-0.59687,-88.311
-9.5077,-0.1356,-89.133
-8.2394,-0.60693,-88.361
-8.2282,-0.59308,-88.376
-9.5057,-0.14103,-89.137
-9.5064,-0.16097,-89.155
-8.2625,-0.57348,-88.411
-8.31,-0.60849,-88.397
-9.4874,-0.1531,-89.149
-9.5262,-0.1355,-89.163
-9.5888,-0.12916,-89.18
-9.6592,-0.12171,-89.177
-10.008,-0.24914,-89.182
-9.4779,-0.44917,-88.818
-9.5462,-0.42558,-88.809
-9.6135,-0.40577,-88.806
-9.6488,-0.38221,-88.814
-9.7061,-0.36539,-88.799
-9.776,-0.36417,-88.783
-9.7994,-0.33614,-88.8
-9.8729,-0.33291,-88.779
-9.8952,-0.32202,-88.761
-9.9318,-0.33495,-88.747
-9.9374,-0.33647,-88.746
-9.9543,-0.33876,-88.741
-9.946,-0.33482,-88.733
-9.9797,-0.32113,-88.721
-9.9412,-0.32878,-88.751
-9.9292,-0.33932,-88.745
-10.175,-0.12655,-89.029
-10.385,-0.048236,-89.069
-10.362,-0.063813,-89.057
-10.348,-0.069783,-89.052
-10.222,-0.096807,-89.054
-10.249,-0.082184,-89.074
-10.244,-0.070194,-89.087
-10.251,-0.075144,-89.106
-10.26,-0.072104,-89.123
-10.279,-0.06439,-89.166
-10.268,-0.041012,-89.177
-10.255,-0.021994,-89.192
-10.223,-0.0036656,-89.21
-10.208,-0.0054294,-89.222
-10.2,-0.017988,-89.242
-10.222,-0.023241,-89.23
-10.219,-0.021757,-89.214
-10.217,-0.02978,-89.218
-10.166,-0.026822,-89.206
-10.108,-0.01283,-89.18
-10.057,0.0097579,-89.18
-10.119,-0.026221,-89.168
-10.176,-0.029576,-89.16
-10.15,-0.014574,-89.161
-10.176,0.0027728,-89.177
-10.203,0.00085596,-89.166
-10.227,-0.01009,-89.177
-10.19,-0.015112,-89.177
-10.19,-0.0080957,-89.196
-10.129,0.0012081,-89.192
-10.183,-0.023982,-89.193
-10.221,-0.040225,-89.168
-10.173,-0.015616,-89.189
-10.12,0.0010852,-89.196
-10.094,0.0086812,-89.211
-10.145,0.00058616,-89.221
-10.181,-0.020395,-89.204
-10.171,-0.017939,-89.234
-10.183,0.0031614,-89.265
-10.11,0.019173,-89.258
-10.151,-0.0040244,-89.247
-10.082,0.011548,-89.254
-10.109,-0.0083372,-89.248
-10.086,-0.032794,-89.235
-10.202,-0.063974,-89.214
-10.105,-0.033074,-89.219
-10.068,-0.012068,-89.219
-10.061,-0.0015238,-89.234
-10.126,-0.026454,-89.233
-10.136,-0.031984,-89.231
-10.096,-0.028592,-89.218
-10.132,-0.031755,-89.213
-10.204,-0.016292,-89.22
-10.112,-0.029558,-89.203
-10.08,-0.0048332,-89.199
-10.088,-0.0069258,-89.185
-10.138,-0.020223,-89.18
-10.14,-0.027153,-89.184
-10.102,-0.043678,-89.181
-10.163,-0.065818,-89.179
-10.173,-0.037122,-89.181
-10.214,-0.013283,-89.182
-10.233,0.0013918,-89.202
-10.188,0.0010843,-89.204
-10.121,0.0021981,-89.203
-10.166,-0.0097344,-89.194
-10.168,-0.017292,-89.207
-10.155,-0.01913,-89.214
-10.141,-0.0083281,-89.193
-10.085,0.019084,-89.218
-10.136,-0.0056907,-89.197
-10.224,-0.0097135,-89.199
-10.273,-0.023969,-89.215
-10.279,-0.018549,-89.19
-10.221,-0.0063211,-89.202
-10.166,-0.010833,-89.209
-10.194,-0.019645,-89.213
-10.253,-0.039095,-89.196
-10.26,-0.039472,-89.201
-10.21,-0.036262,-89.219
-10.133,-0.053107,-89.212
-10.162,-0.028798,-89.207
-10.182,-0.055494,-89.187
-10.226,-0.035964,-89.196
-10.198,-0.041018,-89.18
-10.13,-0.051957,-89.199
-10.142,-0.053222,-89.204
-10.157,-0.059945,-89.207
-10.168,-0.066427,-89.202
-10.157,-0.034575,-89.193
-10.12,-0.016055,-89.19
-10.055,0.0027891,-89.228
-10.021,-0.021777,-89.205
-10.024,-0.033856,-89.211
-10.077,-0.051999,-89.199
-10.036,-0.036187,-89.206
-10.117,-0.022831,-89.214
-10.111,-0.028106,-89.238
-10.081,-0.009818,-89.225
-10.114,-0.01152,-89.212
-10.095,0.0069493,-89.247
-10.245,-0.053226,-89.209
-10.232,-0.040626,-89.22
-10.141,0.00036871,-89.249
-10.075,0.014037,-89.218
-10.132,0.0065964,-89.209
-10.184,-0.020155,-89.223
-10.256,-0.024023,-89.215
-10.251,-0.031469,-89.213
-10.218,-0.016417,-89.225
-10.114,0.023283,-89.228
-10.148,0.016329,-89.224
-10.243,0.013799,-89.232
-10.261,0.016507,-89.228
-10.181,0.028707,-89.24
-10.192,0.022032,-89.229
-10.195,-0.015206,-89.217
-10.274,-0.035033,-89.205
-10.266,-0.029856,-89.206
-10.186,-0.011082,-89.207
-10.114,0.010437,-89.211
-10.163,-0.0085416,-89.199
-10.188,-0.044448,-89.224
-10.228,-0.055234,-89.221
-10.119,-0.02939,-89.203
-10.066,0.012318,-89.211
-10.029,0.010794,-89.224
-10.088,-0.002635,-89.237
-10.117,-0.022762,-89.238
-10.093,-0.034375,-89.224
-10.012,0.0027037,-89.226
-9.9814,0.011825,-89.229
-10.062,0.0020382,-89.24
-10.068,-0.014869,-89.239
-10.075,-0.01798,-89.226
-10.024,-0.0081642,-89.223
-9.9806,0.011213,-89.221
-9.973,0.041343,-89.237
-9.9869,0.047333,-89.241
-10.018,0.031707,-89.249
-10.053,0.02689,-89.253
-9.9342,0.051259,-89.255
-9.9088,0.082034,-89.237
-9.9736,0.055208,-89.244
-10.056,-0.001427,-89.25
-10.035,0.0001316,-89.266
-10,0.024111,-89.274
-9.9449,0.047511,-89.268
-9.9575,0.047603,-89.284
-10.058,0.01391,-89.259
-10.017,0.010289,-89.261
-9.9822,0.022617,-89.283
-9.9159,0.049592,-89.302
-9.9343,0.030631,-89.277
-9.9448,0.010196,-89.266
-9.9827,-0.015323,-89.258
-9.9684,-0.0046339,-89.264
-9.9802,0.021979,-89.272
-10.017,0.0074286,-89.262
-9.9446,0.030323,-89.277
-9.9946,0.010136,-89.269
-10.043,0.024175,-89.273
-10.032,0.0121,-89.255
-9.946,0.020866,-89.271
-9.9223,0.041269,-89.275
-9.9531,0.037229,-89.261
-10.034,0.012127,-89.267
-10.006,0.010569,-89.237
-9.9451,0.00037544,-89.208
-9.916,0.019835,-89.204
-9.9615,0.022658,-89.246
-10.055,0.0068922,-89.261
-10.007,0.026193,-89.247
-10.006,0.030136,-89.25
-10.06,0.013563,-89.251
-10.113,-0.0084222,-89.248
-10.076,-0.0002484,-89.255
-10.077,0.045555,-89.271
-10.034,0.070573,-89.262
-10.077,0.053416,-89.273
-10.129,0.018237,-89.266
-10.111,0.012206,-89.262
-10.043,0.032512,-89.284
-10.026,0.06146,-89.31
-10.087,0.049316,-89.331
-10.14,0.038598,-89.307
-10.112,0.050694,-89.312
-10.001,0.078302,-89.318
-9.9873,0.07199,-89.314
-10.131,0.01908,-89.326
-10.094,0.021218,-89.295
-10.072,0.032815,-89.317
-9.9964,0.026323,-89.297
-9.9999,0.044447,-89.296
-10.061,0.029037,-89.299
-10.113,-0.00406,-89.281
-10.054,-0.014343,-89.275
-10.003,-0.011193,-89.282
-10.051,0.02525,-89.287
-9.9681,0.050666,-89.266
-9.9569,0.049011,-89.24
-9.9945,0.012639,-89.233
-10.043,0.013749,-89.239
-9.9491,0.035776,-89.241
-9.9114,0.02656,-89.229
-9.9377,-0.0013109,-89.227
-9.9712,-0.011934,-89.218
-10.018,-0.016929,-89.239
-9.9925,0.011256,-89.253
-9.9174,0.026323,-89.268
-9.8978,0.012051,-89.258
-9.9744,-0.00060687,-89.275
-9.9962,0.0041156,-89.287
-10.011,0.016989,-89.293
-9.8167,0.076004,-89.302
-9.8061,0.08984,-89.309
-9.8729,0.057847,-89.305
-9.9075,0.029053,-89.296
-9.9243,0.0082656,-89.297
-9.9867,0.0067767,-89.293
-9.9471,0.047299,-89.313
-10.027,0.025027,-89.286
-10.033,0.015593,-89.298
-10.088,0.010796,-89.307
-10.13,0.020297,-89.338
-10.134,0.0091005,-89.322
-10.022,0.040716,-89.305
-10.023,0.018464,-89.295
-10.091,0.022594,-89.301
-10.055,0.036894,-89.273
-10.09,0.024936,-89.248
-10.09,0.02366,-89.243
-10.016,0.021151,-89.242
-10.081,0.0017986,-89.265
-10.127,-0.0031025,-89.256
-10.144,0.017965,-89.245
-10.074,0.030234,-89.244
-10.083,0.021753,-89.267
-10.014,0.015861,-89.289
-10.005,0.026789,-89.292
-9.9381,0.031309,-89.273
-9.9841,0.011667,-89.262
-10.06,-0.022578,-89.261
-10.046,-0.00034954,-89.293
-9.9921,0.0047305,-89.284
-9.9801,0.01771,-89.263
-9.9511,-0.00048324,-89.277
-9.9967,-0.02052,-89.287
-10.025,-0.028941,-89.268
-10.041,-0.0022271,-89.283
-9.9625,0.024017,-89.279
-9.9677,0.034817,-89.27
-10.034,0.013068,-89.258
-10.038,-0.013413,-89.25
-10.015,-0.010082,-89.253
-9.9887,0.017721,-89.245
-10.008,0.015162,-89.232
-9.9959,0.019126,-89.24
-10.016,0.030494,-89.246
-10.06,0.013033,-89.244
-9.9761,0.049239,-89.254
-9.9824,0.043765,-89.277
-10.036,0.018443,-89.265
-10.063,0.0049885,-89.272
-10.039,0.027152,-89.281
-9.9996,0.047268,-89.296
-9.9489,0.032403,-89.262
-10.019,0.0089674,-89.28
-10.056,-0.012807,-89.264
-10.097,-0.032243,-89.27
-10.008,-0.0021582,-89.266
-9.9707,0.029504,-89.289
-9.9594,0.033585,-89.298
-9.9696,0.036958,-89.295
-10.073,0.012471,-89.299
-10.016,0.019175,-89.313
-9.9564,0.044114,-89.291
-9.9369,0.034761,-89.281
-9.9041,0.048783,-89.297
-9.991,0.0086263,-89.286
-9.9846,-0.0021628,-89.265
-9.9965,0.0077155,-89.278
-9.92,0.034316,-89.278
-9.8901,0.0483,-89.287
-9.9861,0.028674,-89.299
-10.066,-0.0012186,-89.293
-10.001,0.02277,-89.288
-9.9163,0.049102,-89.286
-9.9012,0.075554,-89.302
-9.9971,0.048366,-89.295
-9.9831,0.052537,-89.289
-9.9901,0.038743,-89.282
-9.8326,0.068849,-89.284
-9.841,0.0665,-89.305
-9.9539,0.044957,-89.296
-10.015,0.017205,-89.315
-10.006,0.025067,-89.308
-9.9066,0.069406,-89.311
-9.8502,0.083396,-89.308
-9.901,0.070158,-89.305
-10.024,0.044984,-89.327
-10.034,0.048356,-89.34
-9.9308,0.086936,-89.32
-9.9329,0.09189,-89.317
-9.9842,0.051316,-89.312
-9.9857,0.032666,-89.318
-10.004,0.021598,-89.315
-9.9549,0.042426,-89.308
-9.9662,0.063505,-89.315
-9.9607,0.034958,-89.299
-10.011,0.02069,-89.31
-10.072,0.025153,-89.298
-9.9832,0.065611,-89.317
-9.9448,0.081298,-89.297
-9.9665,0.052857,-89.303
-9.9824,0.035309,-89.303
-10.017,0.01204,-89.279
-10.005,0.030414,-89.277
-9.9355,0.059513,-89.291
-9.9992,0.051783,-89.291
-10.037,0.035881,-89.293
-10.027,0.035817,-89.283
-9.9688,0.052015,-89.304
-9.9822,0.042412,-89.293
-10.031,0.03877,-89.298
-10.054,0.04012,-89.304
-10.058,0.041305,-89.295
-10.041,0.06554,-89.306
-9.9949,0.037038,-89.299
-9.9759,0.014593,-89.301
-10.051,-0.009181,-89.296
-9.9744,0.014743,-89.278
-10.012,0.01528,-89.272
-9.9933,0.018391,-89.263
-10.018,0.013735,-89.266
-10.02,-0.0047027,-89.25
-9.9926,0.0029814,-89.252
-10.071,-0.01203,-89.242
-9.9437,0.050988,-89.29
-9.9536,0.057566,-89.262
-9.9217,0.075131,-89.271
-9.8923,0.040969,-89.246
-9.9444,0.0086719,-89.261
-9.9531,0.0012212,-89.255
-9.9323,0.0020208,-89.256
-9.9836,0.0041534,-89.288
-9.9392,0.019775,-89.3
-9.9766,0.0052277,-89.286
-9.9767,0.03242,-89.313
-9.9746,0.033675,-89.32
-9.998,0.0098538,-89.31
-10.046,-0.012856,-89.336
-10.026,0.01324,-89.309
-9.9485,0.043159,-89.306
-9.9085,0.053406,-89.298
-9.9292,0.0417,-89.291
-9.991,0.036619,-89.29
-10.077,0.026592,-89.3
-10.086,0.028235,-89.287
-10.051,0.023722,-89.27
-10.072,0.026879,-89.278
-10.121,0.039015,-89.249
-10.117,0.046934,-89.251
-10.158,0.031058,-89.26
-10.193,0.011808,-89.245
-10.156,0.013382,-89.234
-10.12,0.046282,-89.238
-10.183,0.033862,-89.218
-10.195,0.015491,-89.207
-10.155,0.0088984,-89.2
-10.101,0.017742,-89.206
-10.095,0.010144,-89.221
-10.191,0.0011129,-89.221
-10.23,-0.015639,-89.207
-10.213,-0.0036459,-89.2
-10.124,0.030089,-89.239
-9.9797,0.06489,-89.265
-10.06,0.044762,-89.253
-10.108,0.0038488,-89.24
-10.071,-0.0047476,-89.233
-10.007,0.016191,-89.249
-9.9152,0.052823,-89.268
-9.8933,0.048416,-89.268
-9.9763,0.021888,-89.26
-10.015,-0.0067466,-89.265
-10.052,-0.022931,-89.235
-9.9215,0.013417,-89.27
-9.8761,0.023653,-89.293
-9.9307,0.010739,-89.259
-9.9476,-0.0062038,-89.264
-9.9663,0.0022019,-89.266
-9.9456,0.0096178,-89.257
-9.8779,0.016075,-89.263
-9.884,0.026907,-89.26
-9.8547,0.025974,-89.242
-9.9965,-0.0065223,-89.218
-9.9633,0.014655,-89.204
-9.9698,0.02044,-89.189
-9.8764,0.039092,-89.233
-10.023,0.0084334,-89.243
-10.024,0.0043154,-89.237
-10.098,-0.0098076,-89.238
-9.9849,-0.019584,-89.205
-9.9197,0.039253,-89.267
-9.8798,0.054446,-89.264
-9.9969,0.01417,-89.272
-10.048,-0.02389,-89.236
-10.032,-0.0064669,-89.257
-9.9891,0.010374,-89.227
-9.9646,0.023436,-89.253
-10.024,-0.0090874,-89.242
-10.072,-0.023335,-89.236
-10.02,-0.007656,-89.253
-10.102,-0.0023456,-89.263
-9.9762,0.024529,-89.295
-10.039,-0.0023649,-89.26
-9.9869,0.0017539,-89.252
-9.9748,0.00713,-89.263
-10.03,0.0074691,-89.275
-10.08,-0.023715,-89.254
-10.013,-0.021011,-89.228
-10.008,-0.014052,-89.24
-10.131,-0.024603,-89.251
-10.113,-0.023044,-89.251
-10.089,-0.019889,-89.262
-10.039,-0.0022404,-89.252
-10.104,-0.020529,-89.265
-10.127,-0.01307,-89.26
-10.127,-0.020563,-89.257
-10.071,-0.0020032,-89.254
-10.072,0.00038567,-89.23
-10.057,0.01064,-89.231
-10.067,-0.0071841,-89.223
-10.097,-0.024761,-89.227
-10.15,-0.027038,-89.209
-10.139,-0.0089046,-89.206
-10.083,0.0016484,-89.212
-10.135,-0.010828,-89.233
-10.105,0.0013329,-89.239
-10.141,0.0012382,-89.258
-10.116,0.007191,-89.242
-10.103,0.0040708,-89.229
-10.034,0.022221,-89.244
-10.062,0.011118,-89.237
-10.06,0.0091343,-89.247
-10.066,0.022432,-89.247
-10.076,0.012632,-89.236
-10.149,-0.01088,-89.247
-10.175,-0.019451,-89.259
-10.049,0.0065118,-89.257
-9.9679,0.034112,-89.25
-9.9841,0.034919,-89.265
-10.09,-0.0030606,-89.265
-10.078,-0.016712,-89.257
-10.088,-0.024077,-89.266
-10.063,-0.0093658,-89.238
-10.035,9.1927e-05,-89.223
-10.1,-0.029858,-89.22
-10.101,-0.026403,-89.249
-10.08,-0.0078711,-89.262
-10.056,-0.0031024,-89.236
-9.9848,0.0076492,-89.229
-10.04,-0.035578,-89.243
-10.06,-0.046088,-89.258
-9.9039,-0.0036939,-89.264
-9.8302,0.039085,-89.271
-9.7548,0.040999,-89.267
-9.9267,-0.0055065,-89.268
-9.9488,-0.037326,-89.248
-9.9156,-0.03319,-89.245
-9.8994,-0.025338,-89.259
-9.9032,-0.0097964,-89.247
-9.8669,-0.010169,-89.239
-9.9172,-0.017316,-89.251
-9.8685,0.00066117,-89.254
-9.9166,-0.021311,-89.252
-9.9356,-0.020969,-89.246
-9.8989,-0.0052213,-89.264
-9.8503,0.0036328,-89.257
-9.9192,0.0097996,-89.233
-9.9637,-0.010888,-89.23
-9.9169,-0.017218,-89.227
-9.9036,-0.026703,-89.242
-9.9092,0.0095333,-89.256
-9.8688,0.018524,-89.275
-9.9312,0.011958,-89.268
-9.9982,-0.0070704,-89.26
-9.9885,0.024837,-89.314
-9.9688,0.023566,-89.316
-9.9923,0.016914,-89.291
-9.9956,-0.00027097,-89.271
-9.9894,-0.015536,-89.273
-9.9934,0.0076317,-89.286
-10.023,-0.010305,-89.274
-9.9926,0.0072863,-89.257
-10.108,-0.026421,-89.252
-10.078,-0.015927,-89.262
-10.007,-0.010777,-89.265
-9.9925,-0.0048354,-89.273
-9.9789,-0.0069654,-89.254
-9.9652,0.02686,-89.279
-10.015,0.0078283,-89.29
-10.01,-0.0017315,-89.279
-9.9851,-0.0067758,-89.274
-9.9213,0.0074307,-89.258
-9.9315,-0.0087404,-89.235
-9.9003,-0.0069114,-89.233
-9.9409,-0.040254,-89.242
-9.9292,-0.03483,-89.243
-9.8769,-0.026844,-89.238
-9.8858,-0.00076724,-89.226
-9.8347,-0.0045252,-89.241
-9.9465,-0.0064115,-89.255
-9.9811,-0.017755,-89.248
-9.9166,-0.0032259,-89.238
-9.9115,-0.0074935,-89.237
-9.911,0.033947,-89.242
-10.007,0.0035817,-89.223
-10.026,-0.018009,-89.205
-10.023,-0.019068,-89.216
-9.9394,-0.0030251,-89.221
-9.9503,0.0062792,-89.217
-10.001,-0.0028358,-89.203
-10.026,-0.0083827,-89.212
-10.001,-0.002244,-89.206
-9.9239,0.023534,-89.224
-9.9045,0.035028,-89.228
-9.9234,0.032057,-89.241
-10.007,0.0014278,-89.253
-10.016,-0.0067044,-89.242
-9.9436,0.028149,-89.261
-9.8901,0.045099,-89.257
-9.8679,0.041588,-89.287
-9.9246,-0.00065088,-89.269
-9.9012,-0.014274,-89.264
-9.9242,-0.003146,-89.273
-9.9097,0.024488,-89.274
-9.8876,0.050773,-89.307
-9.9322,0.028779,-89.287
-9.8968,0.033087,-89.279
-9.8693,0.043485,-89.26
-9.89,0.039496,-89.275
-9.8869,0.039147,-89.277
-9.8626,0.036034,-89.269
-9.8031,0.043253,-89.254
-9.8099,0.031094,-89.266
-9.8763,0.033176,-89.285
-9.8408,0.030844,-89.247
-9.889,0.019824,-89.237
-9.9021,0.033527,-89.253
-9.9406,0.016055,-89.262
-9.9537,0.017709,-89.279
-9.9229,0.026955,-89.258
-9.9051,0.025027,-89.231
-9.8787,0.052585,-89.233
-9.9391,0.025,-89.246
-9.9187,0.018078,-89.248
-9.8908,0.020962,-89.241
-9.8191,0.067676,-89.25
-9.8466,0.045352,-89.251
-9.8721,0.029309,-89.261
-9.8626,0.030072,-89.272
-9.8407,0.05155,-89.289
-9.8276,0.044813,-89.281
-9.8476,0.051594,-89.265
-9.9024,0.038344,-89.271
-9.8568,0.048384,-89.302
-9.7929,0.071938,-89.304
-9.7846,0.076946,-89.291
-9.8494,0.041742,-89.297
-9.9109,0.017481,-89.295
-9.8613,0.014492,-89.298
-9.853,0.024971,-89.29
-9.8725,0.03614,-89.287
-9.9015,0.040146,-89.297
-9.9369,0.03848,-89.305
-9.885,0.04155,-89.31
-9.878,0.030472,-89.299
-9.7896,0.042405,-89.305
-9.77,0.050589,-89.278
-9.7748,0.053898,-89.265
-9.7462,0.049748,-89.254
-9.8181,0.042264,-89.252
-9.8528,0.0334,-89.244
-9.7812,0.04553,-89.254
-9.8807,0.045518,-89.25
-9.8931,0.031649,-89.244
-9.8453,0.023661,-89.253
-9.7476,0.056042,-89.254
-9.7432,0.061356,-89.262
-9.7476,0.049346,-89.258
-9.7944,0.029776,-89.259
-9.799,0.022822,-89.293
-9.7965,0.022092,-89.299
-9.7647,0.045265,-89.31
-9.7658,0.042535,-89.305
-9.8025,0.040018,-89.294
-9.8115,0.017364,-89.296
-9.7974,0.025568,-89.288
-9.8182,0.036001,-89.294
-9.7629,0.054824,-89.293
-9.8141,0.032528,-89.31
-9.8274,0.037929,-89.312
-9.8727,0.039062,-89.323
-9.8619,0.051978,-89.31
-9.852,0.06105,-89.29
-9.8393,0.051949,-89.296
-9.8974,0.012536,-89.284
-9.9386,0.00053333,-89.29
-9.955,-0.00027285,-89.292
-9.902,0.032965,-89.297
-9.877,0.035785,-89.302
-9.954,0.019587,-89.302
-9.9523,0.017408,-89.312
-9.9762,0.0018471,-89.295
-9.8953,0.036457,-89.284
-9.8519,0.043032,-89.283
-9.898,0.020864,-89.272
-9.8985,0.01284,-89.27
-9.8946,0.026453,-89.27
-9.8664,0.013938,-89.251
-9.8597,-0.0026277,-89.242
-9.895,-0.012705,-89.259
-9.9443,-0.02019,-89.267
-9.8188,0.023445,-89.297
-9.7521,0.054162,-89.267
-9.8119,0.059757,-89.289
-9.8256,0.051566,-89.301
-9.8051,0.046266,-89.287
-9.8173,0.036512,-89.286
-9.8014,0.035243,-89.264
-9.8563,0.032912,-89.267
-9.8744,0.019155,-89.264
-9.8209,0.013355,-89.248
-9.7513,0.033951,-89.258
-9.8172,0.026354,-89.262
-9.8781,0.018796,-89.25
-9.893,0.014592,-89.252
-9.8605,0.034267,-89.261
-9.786,0.086055,-89.283
-9.8211,0.081773,-89.264
-9.8586,0.070743,-89.264
-9.8264,0.07662,-89.255
-9.8525,0.058436,-89.259
-9.8767,0.041019,-89.27
-9.8433,0.043247,-89.259
-9.8017,0.028966,-89.266
-9.8222,0.013896,-89.259
-9.8858,0.016357,-89.266
-9.8625,0.041649,-89.295
-9.8319,0.043314,-89.291
-9.8091,0.043848,-89.292
-9.8013,0.061676,-89.309
-9.8695,0.063462,-89.304
-9.7498,0.1037,-89.315
-9.794,0.08712,-89.312
-9.7632,0.081856,-89.291
-9.7781,0.065165,-89.268
-9.7641,0.043475,-89.269
-9.8188,0.027588,-89.28
-9.8078,0.02267,-89.261
-9.7835,0.02882,-89.232
-9.8025,0.060044,-89.252
-9.8626,0.088497,-89.295
-9.8511,0.078247,-89.281
-9.8182,0.067347,-89.269
-9.7633,0.091707,-89.246
-9.7989,0.077921,-89.261
-9.7933,0.082297,-89.257
-9.8575,0.057628,-89.241
-9.7997,0.04442,-89.228
-9.7506,0.044951,-89.216
-9.7901,0.060695,-89.215
-9.773,0.071801,-89.243
-9.9126,0.058821,-89.25
-9.8792,0.049485,-89.246
-9.8654,0.085463,-89.253
-9.7797,0.10923,-89.261
-9.7395,0.11814,-89.248
-9.8233,0.077513,-89.258
-9.7938,0.049303,-89.253
-9.7635,0.049626,-89.238
-9.7472,0.059112,-89.237
-9.7367,0.068149,-89.252
-9.6829,0.060198,-89.238
-9.7593,0.054152,-89.236
-9.7567,0.061091,-89.227
-9.8154,0.061787,-89.26
-9.8195,0.046939,-89.246
-9.7866,0.037815,-89.25
-9.8255,0.06789,-89.25
-9.7608,0.08074,-89.248
-9.8291,0.07383,-89.244
-9.8476,0.060305,-89.244
-9.8509,0.056784,-89.239
-9.8087,0.050322,-89.222
-9.8487,0.056901,-89.222
-9.8627,0.061078,-89.221
-9.8323,0.071416,-89.226
-9.7917,0.093581,-89.249
-9.7823,0.10041,-89.236
-9.804,0.088141,-89.236
-9.8707,0.070965,-89.234
-9.9044,0.069183,-89.252
-9.8158,0.071258,-89.235
-9.7373,0.078301,-89.231
-9.8,0.0684,-89.252
-9.8519,0.063216,-89.244
-9.8169,0.056385,-89.229
-9.7731,0.062724,-89.221
-9.8204,0.04698,-89.225
-9.8707,0.032413,-89.233
-9.8914,0.039681,-89.238
-9.8836,0.061456,-89.236
-9.8382,0.064045,-89.227
-9.7618,0.09759,-89.247
-9.865,0.075553,-89.217
-9.8115,0.085337,-89.22
-9.7665,0.076395,-89.221
-9.7637,0.068436,-89.193
-9.8149,0.060232,-89.188
-9.7842,0.050601,-89.177
-9.7564,0.060561,-89.189
-9.7383,0.061171,-89.204
-9.7725,0.068169,-89.22
-9.8078,0.067959,-89.233
-9.6562,0.091087,-89.258
-9.7374,0.07775,-89.26
-9.6049,0.12083,-89.282
-9.7023,0.10579,-89.271
-9.7788,0.081812,-89.261
-9.7716,0.059802,-89.248
-9.7135,0.069708,-89.256
-9.6737,0.056119,-89.244
-9.6919,0.038674,-89.241
-9.7316,0.063104,-89.267
-9.7569,0.075059,-89.257
-9.7399,0.08034,-89.257
-9.7223,0.083843,-89.252
-9.7739,0.059959,-89.258
-9.8128,0.05383,-89.264
-9.8303,0.049678,-89.262
-9.8254,0.053142,-89.253
-9.814,0.058159,-89.216
-9.8227,0.041668,-89.226
-9.8792,0.024514,-89.22
-9.7982,0.033664,-89.217
-9.8404,-0.00091411,-89.197
-9.8657,-0.0061795,-89.181
-9.8826,0.0048906,-89.198
-9.9061,0.029695,-89.234
-9.8905,0.04231,-89.246
-9.9146,0.036917,-89.237
-9.9664,0.00963,-89.225
-9.9313,0.0056154,-89.219
-9.8989,0.035901,-89.231
-9.821,0.038361,-89.234
-9.8321,0.011391,-89.207
-9.8643,0.011871,-89.221
-9.9131,-0.0027118,-89.21
-9.8447,0.017803,-89.215
-9.7779,0.00865,-89.219
-9.8384,0.017365,-89.254
-9.9123,0.0094587,-89.251
-9.895,0.0093335,-89.247
-9.8117,0.036921,-89.255
-9.7614,0.053162,-89.264
-9.7211,0.049662,-89.256
-9.8,0.01467,-89.239
-9.8112,-0.0080926,-89.222
-9.79,-0.00099074,-89.208
-9.749,0.013588,-89.212
-9.7981,0.013625,-89.213
-9.8686,-0.004777,-89.184
-9.8423,-0.018697,-89.155
-9.9355,-0.015266,-89.162
-9.9279,-0.0022091,-89.186
-9.9482,-0.0047696,-89.172
-9.9563,-0.018466,-89.156
-9.87,0.0072133,-89.164
-9.8577,0.020018,-89.152
-9.8563,0.024665,-89.171
-9.9196,-0.0060635,-89.133
-9.7919,0.0087594,-89.168
-9.8171,-0.0039391,-89.168
-9.8345,0.0062922,-89.173
-9.8622,0.005085,-89.204
-9.9392,-0.014618,-89.199
-9.8831,0.0056114,-89.203
-9.8564,0.0011058,-89.205
-9.7834,0.024698,-89.235
-9.8297,-0.011556,-89.228
-9.9265,-0.02864,-89.229
-9.8908,-0.021368,-89.237
-9.8262,0.0037083,-89.237
-9.8009,0.016682,-89.247
-9.8686,-0.017153,-89.238
-9.8791,-0.038061,-89.238
-9.8911,-0.040826,-89.217
-9.945,-0.040551,-89.215
-9.8862,-0.022689,-89.226
-9.877,-0.028593,-89.22
-9.9273,-0.025851,-89.236
-9.8879,-0.016024,-89.238
-9.8791,-0.016777,-89.217
-9.8443,-0.019028,-89.198
-9.8132,-0.015932,-89.217
-9.8903,-0.042148,-89.199
-9.8611,-0.021314,-89.227
-9.889,-0.034215,-89.208
-9.9134,-0.045631,-89.199
-9.8826,-0.031077,-89.199
-9.8659,-0.024448,-89.212
-9.8894,-0.02524,-89.219
-9.9459,-0.025336,-89.207
-9.9434,-0.01203,-89.2
-9.8365,0.008517,-89.226
-9.8009,0.014048,-89.216
-9.8513,-0.0057783,-89.223
-9.9184,-0.023899,-89.211
-9.8725,-0.021634,-89.219
-9.8696,-0.028979,-89.209
-9.8344,-0.024776,-89.204
-9.7982,-0.0082135,-89.22
-9.869,-0.014077,-89.23
-9.9258,-0.012679,-89.241
-9.9012,-0.0024132,-89.254
-9.8687,0.013184,-89.269
-9.8421,0.01656,-89.284
-9.8554,0.014366,-89.288
-9.8342,0.011221,-89.289
-9.7947,-0.011311,-89.263
-9.8184,0.0075974,-89.267
-9.7461,0.03207,-89.284
-9.7997,0.022394,-89.295
-9.8397,-0.012576,-89.273
-9.9137,-0.027306,-89.257
-9.9264,-0.031393,-89.258
-9.8408,0.0057963,-89.284
-9.8528,0.01755,-89.268
-9.7909,0.040445,-89.267
-9.8611,0.017004,-89.263
-9.9047,0.0095805,-89.263
-9.8781,0.0099653,-89.254
-9.7862,0.018977,-89.248
-9.7871,0.017022,-89.253
-9.7552,0.029272,-89.259
-9.7407,0.040046,-89.271
-9.7862,0.0010934,-89.249
-9.7221,0.001507,-89.261
-9.7694,0.0061232,-89.277
-9.7612,0.040128,-89.303
-9.8251,0.031324,-89.309
-9.7915,0.01373,-89.292
-9.7689,0.022214,-89.288
-9.726,0.0026166,-89.291
-9.6673,0.00059885,-89.278
-9.6738,-0.0055599,-89.278
-9.6777,-0.0064193,-89.265
-9.6748,-0.019248,-89.263
-9.6678,-0.0028176,-89.263
-9.6671,0.0035674,-89.278
-9.6912,0.022233,-89.288
-9.6653,0.032067,-89.294
-9.7266,0.035374,-89.292
-9.7409,0.027798,-89.31
-9.6821,0.033236,-89.305
-9.6982,0.030439,-89.294
-9.6853,0.026197,-89.31
-9.626,0.032824,-89.296
-9.6592,0.012424,-89.294
-9.7276,-0.016379,-89.273
-9.7416,-0.032767,-89.265
-9.7348,-0.033857,-89.258
-9.7548,-0.019042,-89.276
-9.8135,-0.019124,-89.275
-9.8732,-0.0076922,-89.291
-9.8289,0.018706,-89.294
-9.751,0.035696,-89.312
-9.7447,0.033396,-89.305
-9.731,0.023548,-89.289
-9.7311,0.0038908,-89.274
-9.7826,-0.017216,-89.276
-9.7446,-0.0093199,-89.259
-9.7516,-0.00081713,-89.262
-9.7609,-0.0016301,-89.265
-9.836,-0.025396,-89.266
-9.8215,-0.017097,-89.27
-9.8194,-0.0080248,-89.274
-9.7483,0.024155,-89.284
-9.7063,0.040837,-89.292
-9.8438,0.017574,-89.309
-9.8683,-0.0035068,-89.301
-9.8752,-0.022352,-89.272
-9.7692,-0.033369,-89.252
-9.6934,-0.012219,-89.248
-9.763,-0.027854,-89.232
-9.8044,-0.037469,-89.231
-9.7965,-0.031878,-89.213
-9.7252,-0.024523,-89.215
-9.7672,-0.021431,-89.214
-9.7804,-0.029039,-89.218
-9.8368,-0.033831,-89.19
-9.8709,-0.029464,-89.186
-9.8777,-0.027891,-89.169
-9.7882,-0.0025636,-89.17
-9.7694,-0.0039087,-89.176
-9.7927,-0.027551,-89.154
-9.87,-0.058528,-89.151
-9.8907,-0.071001,-89.147
-9.8374,-0.05,-89.155
-9.7874,-0.0173,-89.159
-9.7561,0.010743,-89.209
-9.9124,-0.018754,-89.196
-9.8699,-0.017042,-89.218
-9.8766,-0.025907,-89.225
-9.7801,0.0081918,-89.248
-9.855,-0.016877,-89.24
-9.7866,-0.0018077,-89.246
-9.8335,-0.041427,-89.227
-9.8101,-0.040969,-89.215
-9.7782,-0.027427,-89.213
-9.822,-0.049362,-89.215
-9.8661,-0.058809,-89.22
-9.8465,-0.057893,-89.211
-9.8848,-0.041828,-89.217
-9.7473,0.0024724,-89.224
-9.7862,-0.0077471,-89.217
-9.7815,-0.0039378,-89.23
-9.8412,-0.038852,-89.197
-9.8669,-0.047049,-89.198
-9.8338,-0.048763,-89.205
-9.8237,-0.05405,-89.192
-9.791,-0.059621,-89.159
-9.7854,-0.063116,-89.167
-9.8537,-0.065309,-89.165
-9.8256,-0.043775,-89.179
-9.8159,-0.038497,-89.16
-9.8692,-0.043523,-89.18
-9.7693,-0.0042653,-89.192
-9.8126,0.0316,-89.212
-9.7245,0.053907,-89.216
-9.8393,0.012245,-89.2
-9.8221,-0.015052,-89.189
-9.8269,-0.01534,-89.195
-9.7857,-0.011491,-89.22
-9.7882,-0.0067885,-89.217
-9.7639,-0.0014266,-89.205
-9.7505,0.0079315,-89.216
-9.8016,0.024592,-89.203
-9.6703,0.063907,-89.265
-9.7931,0.049493,-89.272
-9.8072,0.056278,-89.275
-9.7838,0.073593,-89.259
-9.7701,0.063824,-89.271
-9.7322,0.061646,-89.289
-9.7315,0.058623,-89.292
-9.6563,0.055546,-89.265
-9.6812,0.054461,-89.253
-9.7379,0.040666,-89.244
-9.7463,0.011726,-89.248
-9.7531,0.017984,-89.247
-9.6013,0.078118,-89.264
-9.7019,0.072572,-89.266
-9.6323,0.097305,-89.287
-9.598,0.072557,-89.293
-9.7074,0.033683,-89.296
-9.6456,0.05665,-89.284
-9.5391,0.084092,-89.293
-9.5156,0.090488,-89.305
-9.5187,0.084342,-89.296
-9.653,0.039266,-89.296
-9.594,0.065557,-89.305
-9.4714,0.085656,-89.321
-9.5842,0.072208,-89.326
-9.6033,0.053324,-89.351
-9.615,0.058619,-89.359
-9.5663,0.075262,-89.371
-9.5577,0.069415,-89.367
-9.474,0.11517,-89.398
-9.438,0.10608,-89.369
-9.7103,0.12788,-89.414
-9.6592,0.083039,-89.382
-9.6404,0.087808,-89.382
-9.6437,0.0952,-89.379
-9.6592,0.098614,-89.38
-9.7179,0.083862,-89.383
-9.7155,0.081431,-89.369
-9.6894,0.096011,-89.364
-9.5801,0.14177,-89.385
-9.5636,0.15311,-89.394
-9.637,0.12675,-89.407
-9.6368,0.11091,-89.392
-9.607,0.1142,-89.366
-9.6974,0.093352,-89.338
-9.5659,0.11344,-89.352
-9.5726,0.088879,-89.344
-9.5949,0.084309,-89.347
-9.5791,0.089903,-89.319
-9.6098,0.10168,-89.345
-9.6252,0.119,-89.343
-9.6315,0.091615,-89.345
-9.624,0.092529,-89.359
-9.6271,0.088138,-89.348
-9.6247,0.10517,-89.355
-9.7172,0.065126,-89.342
-9.6071,0.089602,-89.359
-9.6103,0.067968,-89.362
-9.5671,0.068497,-89.342
-9.537,0.077568,-89.345
-9.6354,0.046872,-89.319
-9.6592,0.04848,-89.337
-9.5807,0.07123,-89.355
-9.5725,0.067599,-89.335
-9.5485,0.080004,-89.343
-9.5842,0.093653,-89.339
-9.7178,0.042575,-89.334
-9.5486,0.071002,-89.36
-9.5449,0.073843,-89.327
-9.5257,0.073878,-89.308
-9.6367,0.019076,-89.278
-9.6879,0.002262,-89.256
-9.4737,0.050867,-89.275
-9.5926,0.028454,-89.255
-9.6222,0.044479,-89.273
-9.5687,0.07322,-89.308
-9.5839,0.080977,-89.304
-9.6827,0.053461,-89.318
-9.6628,0.066791,-89.321
-9.5723,0.10442,-89.339
-9.5528,0.091699,-89.346
-9.5349,0.088318,-89.351
-9.5065,0.077307,-89.355
-9.5325,0.048448,-89.36
-9.5341,0.053785,-89.378
-9.6574,0.036619,-89.357
-9.6577,0.054228,-89.377
-9.5394,0.10153,-89.397
-9.6797,0.064754,-89.393
-9.5728,0.10622,-89.437
-9.6838,0.082585,-89.429
-9.5672,0.11823,-89.424
-9.6391,0.088759,-89.407
-9.5856,0.097852,-89.418
-9.5664,0.096128,-89.425
-9.6544,0.088024,-89.4
-9.6058,0.070386,-89.4
-9.6053,0.067475,-89.384
-9.5432,0.082024,-89.392
-9.536,0.069805,-89.372
-9.5945,0.11143,-89.407
-9.6889,0.073834,-89.366
-9.576,0.12339,-89.397
-9.6802,0.083922,-89.368
-9.5809,0.12228,-89.393
-9.6043,0.13387,-89.392
-9.5475,0.1419,-89.377
-9.5372,0.12521,-89.387
-9.5537,0.11925,-89.398
-9.5761,0.11421,-89.392
-9.6741,0.073669,-89.373
-9.5894,0.12258,-89.404
-9.5763,0.12242,-89.393
-9.5688,0.13181,-89.406
-9.6069,0.13696,-89.411
-9.6198,0.14747,-89.427
-9.5739,0.15365,-89.396
-9.5498,0.16264,-89.416
-9.5553,0.15892,-89.425
-9.5453,0.14106,-89.417
-9.6905,0.085174,-89.395
-9.5477,0.12713,-89.4
-9.6709,0.10149,-89.373
-9.5706,0.14596,-89.396
-9.5612,0.16096,-89.406
-9.6903,0.11578,-89.384
-9.5753,0.15421,-89.395
-9.6897,0.13066,-89.4
-9.5495,0.17248,-89.393
-9.6146,0.16673,-89.404
-9.5885,0.18571,-89.419
-9.578,0.15768,-89.413
-9.5719,0.14802,-89.419
-9.5839,0.13405,-89.413
-9.5864,0.12191,-89.395
-9.6796,0.090262,-89.381
-9.6246,0.13291,-89.404
-9.6459,0.15304,-89.407
-9.6309,0.15257,-89.395
-9.6318,0.14197,-89.394
-9.6611,0.1304,-89.373
-9.7248,0.12382,-89.375
-9.6704,0.14466,-89.386
-9.6275,0.13908,-89.377
-9.6124,0.13446,-89.356
-9.7402,0.09165,-89.341
-9.6023,0.13165,-89.366
-9.7135,0.10161,-89.358
-9.585,0.1441,-89.377
-9.7038,0.11158,-89.367
-9.7074,0.11219,-89.392
-9.5789,0.14455,-89.408
-9.6107,0.12027,-89.388
-9.5716,0.11911,-89.397
-9.5003,0.13663,-89.416
-9.5394,0.12748,-89.431
-9.525,0.12469,-89.427
-9.4911,0.10732,-89.419
-9.4662,0.10702,-89.412
-9.4852,0.11524,-89.413
-9.4967,0.1215,-89.397
-9.6328,0.093334,-89.382
-9.5129,0.14579,-89.393
-9.5053,0.14029,-89.391
-9.5483,0.14003,-89.426
-9.7164,0.098664,-89.412
-9.5663,0.13693,-89.395
-9.7202,0.10454,-89.377
-9.6745,0.084444,-89.376
-9.5775,0.07808,-89.392
-9.7105,0.039478,-89.377
-9.695,0.040152,-89.382
-9.6797,0.050851,-89.379
-9.7046,0.043538,-89.387
-9.6955,0.035347,-89.381
-9.7453,0.043316,-89.39
-9.6774,0.066312,-89.39
-9.684,0.059714,-89.364
-9.6656,0.053899,-89.381
-9.7202,0.037942,-89.366
-9.763,0.04183,-89.364
-9.7734,0.030778,-89.365
-9.743,0.01377,-89.365
-9.7313,0.0086904,-89.357
-9.7264,0.0037974,-89.369
-9.5784,0.033053,-89.394
-9.6561,-0.002114,-89.373
-9.5388,0.037899,-89.4
-9.6067,0.070661,-89.404
-9.7096,0.062343,-89.403
-9.6361,0.073202,-89.384
-9.5889,0.068084,-89.376
-9.6174,0.048959,-89.378
-9.6639,0.03408,-89.375
-9.6723,0.034045,-89.384
-9.6119,0.036261,-89.38
-9.6491,0.03852,-89.379
-9.6604,0.02596,-89.356
-9.7165,0.01522,-89.36
-9.7454,-0.00354,-89.363
-9.7347,-0.0019221,-89.361
-9.7341,0.031326,-89.371
-9.7483,0.03089,-89.356
-9.7083,0.056721,-89.365
-9.7447,0.049754,-89.357
-9.7938,0.042702,-89.34
-9.8036,0.037662,-89.355
-9.7925,0.017551,-89.333
-9.7784,0.021998,-89.341
-9.811,0.02049,-89.335
-9.7779,0.019221,-89.324
-9.7916,0.028863,-89.324
-9.815,0.037017,-89.342
-9.8213,0.033355,-89.347
-9.8033,0.044815,-89.347
-9.7926,0.026456,-89.362
-9.7656,0.046917,-89.362
-9.7444,0.058243,-89.354
-9.6887,0.073625,-89.362
-9.7006,0.065827,-89.363
-9.7249,0.035435,-89.381
-9.7792,0.019111,-89.395
-9.7099,0.012328,-89.379
-9.6498,0.028096,-89.389
-9.6552,0.036208,-89.392
-9.6868,0.041193,-89.418
-9.7121,0.032324,-89.416
-9.753,0.014319,-89.42
-9.6553,0.023086,-89.423
-9.6534,0.036723,-89.427
-9.652,0.043716,-89.426
-9.6789,0.037748,-89.444
-9.6411,0.027541,-89.429
-9.6316,0.029387,-89.43
-9.6214,0.027698,-89.435
-9.6684,0.045379,-89.435
-9.5197,0.076148,-89.454
-9.675,0.025735,-89.452
-9.5628,0.072912,-89.478
-9.5251,0.10383,-89.472
-9.6162,0.08754,-89.455
-9.6162,0.071857,-89.459
-9.6273,0.04364,-89.449
-9.624,0.054859,-89.449
-9.5962,0.06863,-89.449
-9.5663,0.068882,-89.432
-9.5566,0.06996,-89.451
-9.59,0.064913,-89.44
-9.4931,0.10425,-89.471
-9.4954,0.10037,-89.47
-9.4526,0.10702,-89.47
-9.4732,0.11061,-89.47
-9.5758,0.081623,-89.467
-9.5863,0.070763,-89.466
-9.5681,0.10133,-89.478
-9.4686,0.13328,-89.468
-9.568,0.094259,-89.473
-9.5653,0.095946,-89.483
-9.4538,0.12641,-89.501
-9.4437,0.12361,-89.501
-9.4272,0.13366,-89.5
-9.4312,0.11908,-89.485
-9.4467,0.1203,-89.488
-9.4347,0.12272,-89.473
-9.5727,0.10548,-89.476
-9.4702,0.14192,-89.473
-9.6301,0.096906,-89.461
-9.5852,0.090578,-89.453
-9.5667,0.13291,-89.458
-9.4994,0.15871,-89.456
-9.4708,0.14981,-89.449
-9.4464,0.12343,-89.464
-9.462,0.11627,-89.472
-9.4524,0.1006,-89.47
-9.4192,0.10188,-89.465
-9.5273,0.10008,-89.481
-9.4231,0.14837,-89.472
-9.4353,0.14954,-89.503
-9.5741,0.10532,-89.513
-9.4734,0.15416,-89.541
-9.5414,0.127,-89.525
-9.3928,0.13841,-89.528
-9.4902,0.093163,-89.506
-9.605,0.095803,-89.516
-9.5043,0.072421,-89.513
-9.4583,0.066421,-89.503
-9.4972,0.077927,-89.487
-9.5251,0.059551,-89.465
-9.4138,0.10307,-89.487
-9.5312,0.059314,-89.454
-9.5316,0.079528,-89.46
-9.4065,0.11669,-89.475
-9.4341,0.12381,-89.458
-9.4865,0.12727,-89.472
-9.4558,0.096012,-89.455
-9.4777,0.086261,-89.438
-9.4704,0.08028,-89.456
-9.6315,0.037413,-89.444
-9.5122,0.08307,-89.437
-9.6722,0.033253,-89.434
-9.6303,0.024959,-89.432
-9.6636,0.028549,-89.45
-9.6906,0.03598,-89.438
-9.7043,0.040668,-89.439
-9.7504,0.023623,-89.43
-9.5977,0.070996,-89.426
-9.6085,0.068978,-89.443
-9.5897,0.073117,-89.424
-9.7214,0.033899,-89.411
-9.7504,0.0021453,-89.403
-9.7536,-0.012757,-89.389
-9.7387,-0.040607,-89.363
-9.7677,-0.030335,-89.394
-9.7538,0.0073265,-89.414
-9.7325,0.03063,-89.418
-9.5928,0.068511,-89.439
-9.7396,0.032508,-89.409
-9.6701,0.052716,-89.42
-9.6304,0.060407,-89.406
-9.6373,0.069731,-89.405
-9.6836,0.037347,-89.408
-9.6899,0.0094117,-89.416
-9.6972,-0.0051553,-89.392
-9.6529,0.00034893,-89.395
-9.7301,-0.0059762,-89.39
-9.764,-0.023961,-89.362
-9.7731,-0.012581,-89.382
-9.8089,0.0050947,-89.376
-9.7708,0.03207,-89.375
-9.7579,0.041503,-89.363
-9.7724,0.031141,-89.359
-9.766,0.033975,-89.353
-9.7185,0.046513,-89.36
-9.7639,0.026008,-89.348
-9.7955,0.015246,-89.325
-9.8078,0.0037205,-89.328
-9.7685,0.015575,-89.324
-9.7961,0.027986,-89.344
-9.8101,0.036912,-89.358
-9.7747,0.025572,-89.354
-9.7672,0.014776,-89.356
-9.7698,0.031743,-89.378
-9.7851,0.039345,-89.389
-9.7749,0.052947,-89.4
-9.7812,0.048265,-89.383
-9.6356,0.0916,-89.391
-9.6893,0.029292,-89.369
-9.6018,0.066833,-89.384
-9.6986,0.051953,-89.353
-9.6983,0.065044,-89.381
-9.6033,0.12087,-89.397
-9.6287,0.09516,-89.428
-9.612,0.090755,-89.415
-9.6951,0.06424,-89.395
-9.6799,0.068569,-89.386
-9.5886,0.10273,-89.414
-9.6206,0.10763,-89.42
-9.7137,0.061366,-89.425
-9.7126,0.06434,-89.408
-9.5805,0.096021,-89.403
-9.5667,0.084759,-89.406
-9.5689,0.08723,-89.419
-9.5767,0.083523,-89.415
-9.6853,0.053124,-89.394
-9.5511,0.10299,-89.429
-9.6845,0.067773,-89.396
-9.5605,0.11448,-89.425
-9.668,0.081304,-89.414
-9.5466,0.1133,-89.426
-9.5516,0.10366,-89.423
-9.5346,0.11179,-89.42
-9.6402,0.066296,-89.408
-9.6389,0.062505,-89.402
-9.476,0.10639,-89.406
-9.4791,0.12156,-89.407
-9.6119,0.096078,-89.414
-9.6278,0.10135,-89.43
-9.7806,0.14557,-89.449
-9.6933,0.13153,-89.442
-9.6474,0.14556,-89.447
-9.6923,0.13482,-89.46
-9.6887,0.12385,-89.461
-9.8115,0.12868,-89.463
-9.8414,0.11842,-89.473
-9.7207,0.084893,-89.44
-9.6971,0.080374,-89.414
-9.7205,0.072727,-89.413
-9.7353,0.073355,-89.405
-9.707,0.075177,-89.41
-9.6839,0.095083,-89.424
-9.6408,0.11218,-89.416
-9.7503,0.16229,-89.442
-9.832,0.13409,-89.429
-9.7644,0.15847,-89.454
-9.7789,0.13842,-89.413
-9.7449,0.12483,-89.424
-9.7249,0.10564,-89.416
-9.7208,0.10241,-89.425
-9.7014,0.11374,-89.429
-9.7482,0.095989,-89.437
-9.8247,0.090511,-89.447
-9.7881,0.11427,-89.452
-9.732,0.15192,-89.477
-9.7913,0.16304,-89.502
-9.7733,0.16635,-89.503
-9.8326,0.16283,-89.503
-9.8122,0.14241,-89.488
-9.6979,0.17829,-89.489
-9.6504,0.1901,-89.489
-9.6501,0.16971,-89.485
-9.6666,0.15285,-89.512
-9.6987,0.1495,-89.523
-9.7137,0.15254,-89.481
-9.7351,0.13693,-89.485
-9.7327,0.11521,-89.459
-9.7166,0.1869,-89.489
-9.6103,0.20437,-89.492
-9.6327,0.21331,-89.497
-9.6778,0.19083,-89.487
-9.729,0.16425,-89.483
-9.6699,0.11687,-89.432
-9.6299,0.13438,-89.451
-9.6608,0.13579,-89.434
-9.723,0.11826,-89.424
-9.7266,0.090851,-89.416
-9.698,0.097547,-89.416
-9.7611,0.10469,-89.438
-9.7167,0.12029,-89.427
-9.7214,0.141,-89.449
-9.6877,0.14642,-89.45
-9.6563,0.13274,-89.437
-9.6763,0.13062,-89.448
-9.6742,0.11112,-89.454
-9.6091,0.10988,-89.453
-9.5991,0.099505,-89.442
-9.5552,0.11703,-89.449
-9.7177,0.1673,-89.5
-9.6447,0.12276,-89.475
-9.614,0.11559,-89.453
-9.4401,0.16313,-89.449
-9.7006,0.17091,-89.469
-9.682,0.17568,-89.49
-9.7415,0.15931,-89.482
-9.5854,0.14557,-89.456
-9.5923,0.14307,-89.446
-9.745,0.15706,-89.468
-9.691,0.11536,-89.441
-9.6546,0.10014,-89.426
-9.666,0.093786,-89.41
-9.7192,0.09316,-89.423
-9.8201,0.12729,-89.427
-9.7102,0.10792,-89.419
-9.6541,0.12027,-89.433
-9.6726,0.12492,-89.452
-9.7744,0.16705,-89.484
-9.755,0.17742,-89.463
-9.7628,0.16981,-89.49
-9.5993,0.14608,-89.476
-9.6633,0.12604,-89.465
-9.7938,0.13631,-89.482
-9.8535,0.13278,-89.486
-9.8383,0.12536,-89.473
-9.7492,0.1062,-89.476
-9.7512,0.099725,-89.472
-9.8183,0.1389,-89.497
-9.8263,0.15104,-89.482
-9.8256,0.15566,-89.497
-9.8411,0.1641,-89.507
-9.7786,0.16864,-89.484
-9.7584,0.15578,-89.468
-9.8224,0.13353,-89.451
-9.7506,0.15473,-89.452
-9.7047,0.15208,-89.46
-9.7724,0.13679,-89.453
-9.7556,0.14358,-89.463
-9.7087,0.15178,-89.455
-9.6842,0.12006,-89.443
-9.7451,0.15648,-89.465
-9.7982,0.14897,-89.476
-9.8769,0.15071,-89.475
-9.853,0.12878,-89.457
-9.8089,0.17754,-89.484
-9.7818,0.17604,-89.48
-9.7667,0.17811,-89.482
-9.7263,0.17841,-89.48
-9.7254,0.17149,-89.473
-9.7222,0.15199,-89.466
-9.8121,0.13663,-89.451
-9.6445,0.13137,-89.438
-9.7616,0.15984,-89.466
-9.7658,0.16719,-89.459
-9.7276,0.17822,-89.468
-9.6481,0.16335,-89.46
-9.6968,0.19194,-89.498
-9.7695,0.17321,-89.489
-9.7291,0.17723,-89.475
-9.7974,0.18984,-89.47
-9.6644,0.161,-89.465
-9.7288,0.18427,-89.489
-9.7494,0.1616,-89.481
-9.7295,0.15544,-89.463
-9.7763,0.157,-89.477
-9.673,0.15894,-89.47
-9.6728,0.16989,-89.485
-9.7234,0.2136,-89.517
-9.7956,0.20206,-89.51
-9.772,0.20205,-89.527
-9.6637,0.16554,-89.508
-9.7134,0.17233,-89.499
-9.7007,0.1501,-89.481
-9.7357,0.14045,-89.478
-9.627,0.10358,-89.446
-9.5986,0.10298,-89.461
-9.6726,0.10077,-89.427
-9.8216,0.12454,-89.438
-9.8353,0.12771,-89.438
-9.7781,0.15432,-89.464
-9.6467,0.12257,-89.433
-9.6928,0.11865,-89.422
-9.8322,0.14547,-89.438
-9.7764,0.16562,-89.463
-9.7391,0.17102,-89.478
-9.7145,0.13956,-89.464
-9.6959,0.13586,-89.475
-9.7466,0.12026,-89.449
-9.8158,0.12564,-89.462
-9.7589,0.13611,-89.488
-9.8322,0.11665,-89.495
-9.8188,0.12889,-89.5
-9.8342,0.13189,-89.499
-9.7185,0.18579,-89.537
-9.6836,0.19183,-89.533
-9.6247,0.18267,-89.529
-9.6776,0.16752,-89.52
-9.7229,0.16256,-89.527
-9.6745,0.14996,-89.507
-9.5624,0.16377,-89.505
-9.62,0.09241,-89.458
-9.7097,0.12752,-89.462
-9.7696,0.11421,-89.466
-9.6999,0.10213,-89.449
-9.666,0.11881,-89.421
-9.6295,0.12679,-89.427
-9.6425,0.12858,-89.441
-9.6774,0.10768,-89.441
-9.5484,0.15978,-89.464
-9.631,0.12997,-89.423
-9.5588,0.14924,-89.434
-9.5751,0.13543,-89.426
-9.5738,0.11329,-89.418
-9.5654,0.09064,-89.4
-9.534,0.095509,-89.404
-9.5334,0.10853,-89.402
-9.6124,0.087191,-89.392
-9.5729,0.11692,-89.403
-9.5528,0.10333,-89.417
-9.6333,0.081278,-89.397
-9.5399,0.12093,-89.399
-9.5134,0.12227,-89.406
-9.5283,0.11372,-89.411
-9.5396,0.090789,-89.418
-9.5356,0.09079,-89.411
-9.4821,0.081109,-89.402
-9.6305,0.058372,-89.397
-9.6593,0.03626,-89.382
-9.4871,0.068584,-89.424
-9.623,0.035061,-89.394
-9.4944,0.090533,-89.406
-9.608,0.064374,-89.385
-9.5267,0.10429,-89.401
-9.4966,0.098315,-89.389
-9.4865,0.098404,-89.387
-9.497,0.094001,-89.388
-9.5146,0.0787,-89.379
-9.5821,0.020887,-89.348
-9.5346,0.062688,-89.381
-9.5396,0.082605,-89.392
-9.5204,0.098338,-89.385
-9.6808,0.053685,-89.376
-9.5681,0.086466,-89.401
-9.565,0.096305,-89.378
-9.6784,0.053572,-89.4
-9.6441,0.045723,-89.397
-9.5939,0.027937,-89.393
-9.6199,0.010414,-89.396
-9.6502,0.019226,-89.416
-9.5488,0.045639,-89.432
-9.6373,0.0047362,-89.411
-9.6244,0.0069932,-89.404
-9.6679,0.0065411,-89.406
-9.5675,0.047635,-89.427
-9.7218,0.029113,-89.428
-9.542,0.069415,-89.422
-9.5524,0.080433,-89.426
-9.6192,0.046407,-89.413
-9.5561,0.053287,-89.429
-9.652,0.010121,-89.432
-9.5386,0.033642,-89.425
-9.5502,0.046458,-89.42
-9.6438,0.020278,-89.401
-9.6309,0.020085,-89.398
-9.698,0.025841,-89.391
-9.6578,0.023664,-89.391
-9.5998,0.025242,-89.376
-9.5598,0.028244,-89.364
-9.6143,0.039542,-89.381
-9.6463,0.039847,-89.391
-9.6443,0.039242,-89.383
-9.6109,0.029665,-89.376
-9.6469,0.027459,-89.371
-9.6288,0.012171,-89.377
-9.6427,-0.0012578,-89.377
-9.6517,-0.013953,-89.357
-9.6755,-0.004763,-89.363
-9.6055,0.015811,-89.358
-9.6181,0.035737,-89.378
-9.6219,0.041161,-89.384
-9.6539,0.023527,-89.388
-9.6759,0.016821,-89.39
-9.5801,0.036802,-89.379
-9.524,0.095601,-89.394
-9.5126,0.099333,-89.403
-9.5721,0.050185,-89.396
-9.5979,0.025902,-89.391
-9.4427,0.061475,-89.414
-9.4233,0.077556,-89.404
-9.3864,0.065866,-89.409
-9.5275,0.049409,-89.399
-9.5613,0.046901,-89.41
-9.4321,0.10677,-89.431
-9.5304,0.081593,-89.41
-9.5055,0.10411,-89.419
-9.4689,0.10729,-89.436
-9.4832,0.09903,-89.44
-9.4555,0.10756,-89.432
-9.4314,0.10867,-89.412
-9.4628,0.10549,-89.421
-9.5642,0.054651,-89.383
-9.4355,0.07106,-89.415
-9.5855,0.051864,-89.392
-9.5641,0.064303,-89.39
-9.4663,0.10234,-89.424
-9.4323,0.10415,-89.413
-9.5653,0.10081,-89.411
-9.4337,0.12024,-89.422
-9.4686,0.12138,-89.442
-9.4082,0.1142,-89.445
-9.4341,0.099588,-89.438
-9.4233,0.09651,-89.457
-9.5193,0.059774,-89.442
-9.4242,0.094677,-89.47
-9.3856,0.08658,-89.443
-9.3838,0.093394,-89.456
-9.395,0.092391,-89.474
-9.3719,0.089524,-89.472
-9.4645,0.13434,-89.486
-9.5141,0.092765,-89.465
-9.5122,0.10667,-89.458
-9.5375,0.10357,-89.448
-9.5243,0.093805,-89.455
-9.6283,0.11312,-89.472
-9.5099,0.061704,-89.43
-9.5477,0.069314,-89.422
-9.4351,0.12025,-89.46
-9.5554,0.079309,-89.436
-9.4222,0.11944,-89.45
-9.5127,0.089896,-89.419
-9.4903,0.10192,-89.413
-9.4929,0.10472,-89.432
-9.4649,0.12828,-89.429
-9.4864,0.11997,-89.438
-9.4284,0.1052,-89.427
-9.5186,0.067377,-89.417
-9.4351,0.088729,-89.426
-9.4651,0.08548,-89.417
-9.4476,0.093475,-89.426
-9.4713,0.099055,-89.434
-9.5889,0.063511,-89.424
-9.4947,0.10048,-89.434
-9.6153,0.072662,-89.418
-9.5037,0.14435,-89.426
-9.4788,0.15372,-89.427
-9.4747,0.14692,-89.429
-9.4969,0.12994,-89.442
-9.4758,0.1212,-89.42
-9.4503,0.11919,-89.418
-9.4289,0.1163,-89.399
-9.4096,0.11272,-89.407
-9.4369,0.12623,-89.436
-9.4301,0.11796,-89.445
-9.5282,0.082269,-89.411
-9.4609,0.094199,-89.421
-9.464,0.11332,-89.433
-9.4741,0.13426,-89.43
-9.5572,0.11057,-89.398
-9.4982,0.12639,-89.393
-9.5754,0.081655,-89.381
-9.4803,0.10178,-89.391
-9.4824,0.11176,-89.393
-9.5061,0.10505,-89.376
-9.6225,0.061866,-89.354
-9.5934,0.058776,-89.333
-9.6371,0.078518,-89.35
-9.5414,0.11433,-89.348
-9.5298,0.10523,-89.358
-9.5649,0.12181,-89.353
-9.5522,0.12275,-89.367
-9.5408,0.13289,-89.356
-9.6224,0.10992,-89.351
-9.6163,0.10211,-89.345
-9.6143,0.08604,-89.341
-9.5278,0.094151,-89.349
-9.5266,0.09392,-89.354
-9.5084,0.085252,-89.357
-9.5301,0.097314,-89.374
-9.5554,0.09451,-89.382
-9.6485,0.084966,-89.354
-9.6346,0.11135,-89.377
-9.5407,0.12929,-89.377
-9.5302,0.11881,-89.384
-9.5472,0.11096,-89.366
-9.5549,0.11452,-89.367
-9.545,0.11158,-89.366
-9.5127,0.10521,-89.377
-9.4978,0.094599,-89.366
-9.6243,0.055074,-89.352
-9.6234,0.060981,-89.355
-9.5264,0.097975,-89.365
-9.5281,0.10846,-89.375
-9.6586,0.084803,-89.35
-9.5441,0.11648,-89.344
-9.6431,0.093709,-89.349
-9.5763,0.1087,-89.364
-9.6156,0.091634,-89.338
-9.5507,0.10496,-89.334
-9.5261,0.097586,-89.357
-9.6418,0.074556,-89.333
-9.6402,0.085285,-89.312
-9.5514,0.12572,-89.315
-9.6474,0.10894,-89.309
-9.5641,0.12674,-89.321
-9.5991,0.13129,-89.332
-9.579,0.12804,-89.34
-9.7168,0.10664,-89.342
-9.6925,0.10929,-89.338
-9.5976,0.12546,-89.366
-9.5714,0.12311,-89.377
-9.5483,0.11315,-89.367
-9.6565,0.080353,-89.345
-9.4742,0.10386,-89.338
-9.639,0.074263,-89.323
-9.6102,0.075227,-89.34
-9.5224,0.1115,-89.379
-9.6226,0.089807,-89.35
-9.4495,0.13108,-89.368
-9.6734,0.139,-89.41
-9.7038,0.12588,-89.401
-9.6883,0.13502,-89.386
-9.6293,0.15417,-89.396
-9.5976,0.13968,-89.394
-9.6184,0.13124,-89.384
-9.6196,0.12358,-89.381
-9.6234,0.11501,-89.373
-9.6213,0.10684,-89.381
-9.6827,0.10332,-89.356
-9.7097,0.10958,-89.361
-9.6537,0.14183,-89.37
-9.7204,0.12874,-89.372
-9.766,0.13254,-89.372
-9.8218,0.12525,-89.375
-9.6996,0.15912,-89.401
-9.629,0.17139,-89.403
-9.6682,0.13912,-89.392
-9.6972,0.12776,-89.413
-9.7007,0.11278,-89.399
-9.7387,0.11478,-89.35
-9.6455,0.098821,-89.374
-9.643,0.097041,-89.362
-9.6483,0.10662,-89.369
-9.7008,0.10264,-89.381
-9.7408,0.10789,-89.377
-9.7595,0.10819,-89.379
-9.5639,0.15664,-89.381
-9.5769,0.145,-89.368
-9.6843,0.10343,-89.344
-9.699,0.08118,-89.347
-9.5817,0.11346,-89.36
-9.7118,0.068677,-89.341
-9.5706,0.11596,-89.351
-9.6887,0.081904,-89.319
-9.6949,0.087467,-89.331
-9.5676,0.12662,-89.349
-9.5646,0.12619,-89.358
-9.6361,0.096987,-89.348
-9.6576,0.087515,-89.343
-9.539,0.1111,-89.358
-9.5332,0.1162,-89.377
-9.5696,0.082613,-89.358
-9.6203,0.065834,-89.361
-9.6627,0.055574,-89.346
-9.6748,0.034678,-89.339
-9.6685,0.046136,-89.346
-9.6114,0.041997,-89.341
-9.6243,0.040592,-89.349
-9.6341,0.04178,-89.362
-9.6772,0.049431,-89.328
-9.6808,0.071366,-89.34
-9.5115,0.10801,-89.342
-9.6082,0.065605,-89.345
-9.7735,0.10146,-89.332
-9.6711,0.073933,-89.31
-9.5507,0.10737,-89.332
-9.5776,0.094865,-89.307
-9.5201,0.096857,-89.308
-9.665,0.049194,-89.305
-9.7244,0.057695,-89.323
-9.6595,0.079341,-89.321
-9.6672,0.071796,-89.321
-9.6404,0.074838,-89.328
-9.6917,0.073012,-89.356
-9.6826,0.080459,-89.384
-9.6154,0.0988,-89.386
-9.6437,0.077842,-89.364
-9.8105,0.10123,-89.408
-9.7769,0.11748,-89.416
-9.5972,0.092764,-89.396
-9.5987,0.098619,-89.381
-9.564,0.10718,-89.384
-9.6173,0.10511,-89.382
-9.7446,0.13203,-89.421
-9.7738,0.1131,-89.406
-9.7582,0.11408,-89.394
-9.7212,0.11761,-89.402
-9.6616,0.097903,-89.385
-9.7813,0.11843,-89.412
-9.7485,0.12152,-89.405
-9.7355,0.10588,-89.399
-9.7236,0.0974,-89.388
-9.6974,0.12374,-89.408
-9.8098,0.10274,-89.402
-9.7818,0.099843,-89.394
-9.829,0.094922,-89.381
-9.7786,0.12697,-89.394
-9.7238,0.13462,-89.402
-9.7444,0.13376,-89.408
-9.7558,0.11022,-89.398
-9.781,0.12153,-89.406
-9.7213,0.13354,-89.385
-9.6394,0.1046,-89.368
-9.5903,0.10781,-89.356
-9.6912,0.1402,-89.386
-9.7487,0.11595,-89.364
-9.7678,0.13067,-89.379
-9.6387,0.12365,-89.387
-9.6153,0.13691,-89.401
-9.7223,0.157,-89.427
-9.828,0.12985,-89.419
-9.8356,0.13633,-89.398
-9.6669,0.12888,-89.408
-9.6417,0.12779,-89.428
-9.7881,0.13389,-89.449
-9.8432,0.10786,-89.415
-9.7445,0.06971,-89.38
-9.7414,0.075011,-89.37
-9.6769,0.10422,-89.375
-9.7909,0.12461,-89.402
-9.8346,0.13128,-89.374
-9.7033,0.11204,-89.354
-9.531,0.16862,-89.373
-9.5273,0.17314,-89.382
-9.6308,0.17865,-89.375
-9.5512,0.14364,-89.361
-9.529,0.14995,-89.35
-9.4941,0.1488,-89.34
-9.5903,0.11991,-89.323
-9.5979,0.10351,-89.333
-9.5629,0.11662,-89.362
-9.5961,0.11116,-89.367
-9.5949,0.10799,-89.364
-9.7103,0.14491,-89.392
-9.7362,0.14081,-89.4
-9.7219,0.14452,-89.419
-9.7126,0.15748,-89.41
-9.701,0.1709,-89.427
-9.7926,0.14912,-89.424
-9.6304,0.11643,-89.383
-9.6444,0.11931,-89.367
-9.6063,0.13122,-89.373
-9.653,0.11376,-89.363
-9.622,0.11109,-89.356
-9.6349,0.11187,-89.344
-9.4808,0.15627,-89.352
-9.6266,0.11449,-89.352
-9.5972,0.14591,-89.359
-9.6052,0.15259,-89.355
-9.5809,0.15676,-89.333
-9.6334,0.13754,-89.329
-9.5539,0.1456,-89.349
-9.566,0.14153,-89.344
-9.5408,0.13021,-89.321
-9.5178,0.1266,-89.322
-9.606,0.073714,-89.299
-9.607,0.073802,-89.311
-9.6696,0.094674,-89.306
-9.6855,0.095401,-89.314
-9.5902,0.13703,-89.321
-9.7061,0.099784,-89.314
-9.6006,0.13505,-89.315
-9.6173,0.13671,-89.312
-9.6647,0.12791,-89.301
-9.658,0.10454,-89.304
-9.6575,0.078425,-89.298
-9.517,0.084807,-89.305
-9.538,0.1028,-89.32
-9.5363,0.11764,-89.322
-9.5201,0.10096,-89.329
-9.5215,0.10518,-89.323
-9.5362,0.11039,-89.333
-9.5243,0.12223,-89.32
-9.5347,0.1149,-89.324
-9.5278,0.11243,-89.321
-9.5055,0.10642,-89.295
-9.6156,0.081363,-89.294
-9.5302,0.11332,-89.312
-9.585,0.080389,-89.297
-9.5142,0.092149,-89.288
-9.5876,0.058863,-89.265
-9.5758,0.081667,-89.258
-9.6048,0.06635,-89.259
-9.6375,0.093412,-89.275
-9.6539,0.07799,-89.256
-9.5984,0.091534,-89.267
-9.5918,0.084966,-89.259
-9.6094,0.088136,-89.266
-9.6754,0.081917,-89.286
-9.5298,0.10396,-89.297
-9.5514,0.097089,-89.307
-9.4777,0.087465,-89.283
-9.4871,0.088645,-89.296
-9.4839,0.090876,-89.307
-9.5554,0.10035,-89.319
-9.5488,0.10925,-89.319
-9.5327,0.11273,-89.315
-9.5213,0.11495,-89.31
-9.4865,0.12004,-89.312
-9.6608,0.086309,-89.312
-9.6501,0.069314,-89.322
-9.6539,0.068906,-89.293
-9.5755,0.061175,-89.28
-9.4954,0.06089,-89.288
-9.4938,0.064967,-89.285
-9.6183,0.04044,-89.269
-9.5534,0.078233,-89.291
-9.5698,0.047124,-89.266
-9.5476,0.047069,-89.271
-9.5457,0.056086,-89.28
-9.6092,0.06352,-89.262
-9.5972,0.072508,-89.267
-9.6193,0.081815,-89.252
-9.5707,0.075903,-89.255
-9.4978,0.088987,-89.27
-9.4779,0.055898,-89.274
-9.5916,0.020102,-89.258
-9.5812,0.028736,-89.267
-9.5936,0.050546,-89.268
-9.5772,0.058259,-89.283
-9.611,0.062333,-89.268
-9.5961,0.059268,-89.281
-9.5872,0.06546,-89.268
-9.5788,0.067587,-89.262
-9.5538,0.060307,-89.293
-9.5343,0.062834,-89.296
-9.5999,0.062003,-89.299
-9.6014,0.066785,-89.272
-9.5814,0.055092,-89.283
-9.6141,0.049629,-89.291
-9.6284,0.041676,-89.3
-9.4995,0.0747,-89.311
-9.4882,0.093786,-89.337
-9.5813,0.08709,-89.312
-9.4731,0.12924,-89.325
-9.5751,0.088936,-89.307
-9.5788,0.077856,-89.317
-9.6204,0.062421,-89.308
-9.5083,0.10092,-89.336
-9.5855,0.052322,-89.32
-9.5727,0.039407,-89.303
-9.5821,0.012701,-89.296
-9.5592,0.027086,-89.297
-9.5607,0.033596,-89.279
-9.5884,0.04326,-89.287
-9.6072,0.020342,-89.267
-9.647,0.014111,-89.276
-9.6082,0.031793,-89.293
-9.5781,0.051853,-89.289
-9.5752,0.076255,-89.284
-9.6184,0.05329,-89.282
-9.6289,0.030233,-89.278
-9.6253,0.0029807,-89.281
-9.5984,-0.0065347,-89.261
-9.6032,-0.0026652,-89.281
-9.5266,0.013402,-89.267
-9.5557,0.014533,-89.308
-9.5417,0.02116,-89.3
-9.5479,0.03748,-89.31
-9.5625,0.053966,-89.327
-9.4293,0.045024,-89.322
-9.4735,0.036124,-89.321
-9.5121,0.018024,-89.33
-9.5096,0.018061,-89.313
-9.4917,0.012685,-89.31
-9.5255,0.0044411,-89.313
-9.5228,-0.010002,-89.289
-9.5275,-0.01341,-89.296
-9.5836,-0.0028145,-89.314
-9.6065,0.010842,-89.309
-9.5637,0.031857,-89.299
-9.5517,0.043457,-89.307
-9.6309,0.035046,-89.311
-9.6502,0.032996,-89.311
-9.6334,0.028187,-89.295
-9.6198,0.02417,-89.296
-9.618,0.024099,-89.299
-9.6334,-0.014388,-89.274
-9.5783,0.00073495,-89.279
-9.5906,-0.0089952,-89.268
-9.6524,-0.015848,-89.262
-9.6848,0.00083473,-89.29
-9.7048,-0.006235,-89.283
-9.7411,0.0032523,-89.277
-9.6811,0.035229,-89.294
-9.686,0.030128,-89.279
-9.7103,0.027158,-89.273
-9.7083,0.027612,-89.267
-9.6898,0.032546,-89.288
-9.6663,0.036015,-89.284
-9.6535,0.029191,-89.28
-9.6396,0.022172,-89.278
-9.6104,0.0080363,-89.272
-9.616,0.015216,-89.289
-9.6205,0.023023,-89.287
-9.6542,0.0183,-89.309
-9.7,0.022553,-89.303
-9.5848,0.045642,-89.315
-9.6738,0.041517,-89.316
-9.6292,0.027067,-89.305
-9.6786,0.013869,-89.281
-9.6776,0.0011636,-89.271
-9.6456,-0.001049,-89.259
-9.6206,-0.00148,-89.246
-9.641,-0.0033218,-89.251
-9.4804,0.04107,-89.242
-9.6744,0.021993,-89.228
-9.6815,0.034628,-89.246
-9.6659,0.043684,-89.255
-9.6699,0.048319,-89.261
-9.6688,0.051253,-89.248
-9.6333,0.055534,-89.25
-9.6095,0.050189,-89.244
-9.5931,0.038905,-89.244
-9.5851,0.02322,-89.23
-9.555,0.0095591,-89.212
-9.5808,0.014592,-89.243
-9.5963,0.01122,-89.255
-9.6368,0.01149,-89.266
-9.6963,0.019792,-89.267
-9.6753,0.023314,-89.275
-9.6604,0.032441,-89.27
-9.6482,0.020969,-89.274
-9.7018,0.014019,-89.274
-9.7396,0.0048925,-89.282
-9.7138,-0.0015703,-89.288
-9.6738,0.0060585,-89.289
-9.7077,-0.0090247,-89.279
-9.6664,-0.013625,-89.28
-9.6326,-0.0089971,-89.267
-9.6723,-0.014394,-89.258
-9.6421,-0.0068714,-89.255
-9.6136,0.024536,-89.28
-9.681,0.018807,-89.287
-9.7037,0.00047363,-89.286
-9.6881,0.0011694,-89.272
-9.7141,-0.0078231,-89.256
-9.6798,0.012265,-89.274
-9.6534,0.015055,-89.282
-9.5955,0.018832,-89.253
-9.6234,-0.017544,-89.216
-9.6868,-0.024369,-89.226
-9.7265,-0.02233,-89.248
-9.7173,-0.015817,-89.233
-9.6721,0.0012073,-89.254
-9.6997,0.014141,-89.236
-9.6877,0.029709,-89.238
-9.7487,0.028828,-89.267
-9.7294,0.022044,-89.26
-9.7257,0.022229,-89.252
-9.6565,0.033201,-89.262
-9.7032,0.020576,-89.249
-9.7565,0.0068265,-89.266
-9.6958,0.0071858,-89.258
-9.6559,-0.0092569,-89.235
-9.6164,-0.0097831,-89.231
-9.6704,0.0071525,-89.269
-9.6645,0.014391,-89.276
-9.6982,0.024789,-89.263
-9.6989,0.02706,-89.248
-9.6693,0.03859,-89.259
-9.6219,0.069016,-89.265
-9.6077,0.06736,-89.267
-9.6478,0.053825,-89.26
-9.508,0.086986,-89.282
-9.4765,0.092022,-89.274
-9.5543,0.059167,-89.256
-9.5025,0.088431,-89.271
-9.4818,0.081217,-89.263
-9.4491,0.08544,-89.284
