-10.733,0
-10.625,-0.17294
-10.737,0.21049
-10.29,0.43571
-10.418,0.75448
-9.9743,0.90928
-10.116,1.1653
-9.7372,1.3173
-9.8926,1.5028
-9.5213,1.5955
-9.6838,1.7135
-9.3592,1.7607
-9.5216,1.8091
-9.1936,1.7845
-9.3615,1.7612
-9.0337,1.6655
-9.2119,1.5673
-8.8874,1.3773
-9.0695,1.2065
-8.6888,0.92836
-8.8898,0.65645
-8.5455,0.31801
-8.7623,-0.018294
-8.4073,-0.43762
-8.629,-0.85411
-8.2658,-1.3563
-8.4997,-1.8885
-8.1354,-2.4929
-8.3689,-3.0942
-7.9943,-3.7849
-8.2346,-4.4703
-7.851,-5.2586
-8.0987,-6.0356
-7.7053,-6.9176
-7.9669,-7.788
-7.5629,-8.7672
-7.8189,-9.7312
-7.4068,-10.826
-7.6739,-11.907
-7.2523,-13.103
-7.5305,-14.274
-7.0983,-15.567
-7.3876,-16.82
-6.9534,-18.219
-7.23,-19.609
-6.7783,-21.089
-7.0812,-22.513
-6.6195,-24.067
-6.9428,-25.551
-6.4743,-27.165
-6.8158,-28.69
-6.3296,-30.34
-6.7039,-31.889
-6.2501,-33.609
-6.6278,-35.222
-6.1613,-36.928
-6.5615,-38.486
-6.0681,-40.158
-6.48,-41.676
-5.9813,-43.299
-6.4144,-44.814
-5.8224,-46.374
-6.2874,-47.787
-5.7741,-49.267
-6.1869,-50.67
-5.6704,-52.048
-6.1024,-53.408
-5.5928,-54.683
-6.0569,-55.962
-5.5462,-57.115
-5.9956,-58.228
-5.5032,-59.263
-5.9451,-60.233
-5.479,-61.155
-5.8014,-62.061
-5.3864,-62.868
-5.7623,-63.668
-5.3913,-64.363
-5.829,-65.046
-5.5162,-65.61
-5.9419,-66.183
-5.6711,-66.642
-6.1574,-67.12
-5.9325,-67.567
-6.4901,-68.022
-6.3178,-68.357
-6.9265,-68.701
-6.8035,-68.935
-7.476,-69.141
-7.3878,-69.283
-8.0396,-69.4
-7.9947,-69.428
-8.9878,-69.5
-9.0473,-69.395
-10.014,-69.372
-10.074,-69.186
-10.925,-69.053
-10.598,-68.821
-11.437,-68.608
-11.066,-68.287
-11.93,-67.989
-11.544,-67.589
-12.188,-67.969
-11.672,-67.529
-12.287,-67.856
-11.875,-67.593
-12.495,-67.89
-12.068,-67.581
-12.674,-67.847
-12.202,-67.52
-12.769,-67.76
-12.477,-67.415
-13.034,-67.63
-12.701,-67.264
-13.264,-67.461
-12.897,-67.073
-13.451,-67.244
-13.406,-67.272
-14.005,-67.499
-13.998,-67.534
-14.638,-67.763
-14.01,-67.703
-14.616,-67.94
-14.01,-67.962
-15.313,-67.988
-14.728,-68.014
-16.068,-68.029
-15.454,-68.06
-16.622,-68.145
-16.512,-68.42
-17.684,-68.565
-17.551,-68.824
-18.599,-68.962
-18.449,-69.21
-19.479,-69.317
-19.302,-69.561
-20.317,-69.659
-20.103,-69.902
-21.063,-69.937
-20.822,-70.178
-21.878,-70.186
-21.57,-70.367
-22.544,-70.408
-22.205,-70.632
-23.268,-70.698
-22.893,-70.92
-23.875,-70.944
-23.418,-71.103
-24.347,-71.089
-23.881,-71.275
-24.801,-71.232
-24.302,-71.431
-25.316,-71.378
-24.774,-71.587
-25.669,-71.561
-25.079,-71.781
-25.987,-71.755
-25.375,-71.978
-26.189,-71.979
-25.512,-72.174
-26.322,-72.157
-25.606,-72.363
-26.379,-72.333
-25.628,-72.557
-26.355,-72.513
-25.547,-72.666
-26.337,-72.618
-25.422,-73.119
-26.28,-73.074
-25.267,-73.569
-26.106,-73.488
-25,-73.909
-25.953,-73.803
-24.695,-74.209
-25.497,-74.046
-24.098,-74.38
-24.86,-74.204
-23.335,-74.531
-24.126,-74.349
-22.508,-74.669
-23.382,-74.563
-21.538,-74.804
-22.182,-74.694
-20.128,-74.986
-20.618,-74.849
-18.455,-74.968
-18.985,-74.785
-16.632,-74.857
-17.153,-74.641
-14.749,-74.611
-15.34,-74.36
-13.075,-74.325
-13.721,-74.056
-11.581,-74
-12.29,-73.77
-10.343,-73.614
-11.915,-73.379
-10.033,-73.183
-11.647,-72.984
-9.8079,-72.778
-11.526,-72.662
-9.8169,-72.443
-11.547,-72.438
-9.8794,-72.196
-11.621,-72.15
-9.9833,-71.78
-11.743,-71.706
-10.17,-71.305
-11.831,-71.218
-10.284,-70.824
-11.895,-70.759
-10.519,-70.329
-12.111,-70.304
-10.366,-69.79
-11.83,-69.809
-10.166,-69.274
-11.638,-69.277
-10.177,-68.756
-11.756,-68.743
-10.305,-68.212
-11.886,-68.208
-10.404,-67.676
-11.954,-67.675
-10.8,-67.06
-12.335,-67.057
-11.233,-66.469
-12.097,-66.134
-11.123,-65.602
-12.596,-65.653
-11.681,-65.146
-13.241,-65.203
-12.392,-64.719
-13.297,-64.488
-12.578,-64.06
-14.121,-64.171
-13.421,-63.758
-14.966,-63.889
-14.309,-63.532
-15.213,-63.406
-14.639,-63.046
-15.557,-62.974
-15.077,-62.678
-16.574,-62.904
-16.102,-62.634
-17.021,-62.632
-16.627,-62.406
-18.028,-62.711
-17.645,-62.502
-19.133,-62.809
-18.835,-62.617
-19.374,-62.357
-19.081,-62.108
-19.637,-61.861
-19.371,-61.634
-19.946,-61.399
-19.715,-61.205
-20.819,-60.869
-20.562,-60.698
-21.67,-60.423
-21.395,-60.28
-22.522,-60.037
-22.228,-59.935
-23.401,-59.607
-23.062,-59.493
-24.217,-59.182
-23.847,-59.128
-24.926,-58.748
-24.57,-58.755
-25.618,-58.371
-25.311,-58.451
-26.352,-58.106
-25.985,-58.224
-27.008,-57.896
-26.483,-58.109
-27.432,-57.719
-27.005,-57.892
-27.928,-57.516
-27.43,-57.728
-28.323,-57.347
-27.843,-57.541
-28.721,-57.167
-28.199,-57.406
-29.035,-57.046
-28.466,-57.382
-29.347,-57.073
-28.751,-57.444
-29.684,-57.2
-29.006,-57.612
-29.871,-57.234
-29.098,-57.627
-29.864,-57.213
-29.064,-57.635
-29.926,-57.395
-29.004,-57.852
-29.837,-57.657
-28.869,-58.136
-29.628,-57.889
-28.621,-58.397
-29.378,-58.206
-28.416,-58.67
-29.116,-58.497
-28.011,-58.906
-28.724,-58.772
-27.72,-59.275
-28.571,-59.234
-27.542,-59.76
-28.489,-59.767
-27.44,-60.333
-28.468,-60.292
-27.433,-60.865
-28.52,-60.855
-27.478,-61.447
-28.527,-61.367
-27.488,-61.975
-28.563,-61.879
-27.517,-62.46
-28.719,-62.358
-27.191,-62.998
-28.386,-62.918
-26.789,-63.529
-27.975,-63.468
-26.342,-63.978
-27.533,-63.944
-25.9,-64.344
-27.072,-64.328
-25.37,-64.646
-26.495,-64.636
-24.741,-64.942
-25.844,-64.944
-24.122,-65.21
-25.284,-65.344
-23.656,-65.502
-24.729,-65.542
-23.102,-65.65
-24.198,-65.752
-22.539,-65.836
-23.592,-65.923
-21.895,-65.979
-22.845,-65.97
-21.066,-66.019
-22.001,-66.005
-20.168,-66.058
-21.083,-66.048
-19.249,-66.071
-20.131,-66.055
-18.297,-66.05
-19.159,-66.013
-18.047,-66.253
-18.969,-66.227
-17.242,-66.189
-18.143,-66.165
-16.355,-66.106
-17.182,-66.063
-16.081,-66.27
-16.985,-66.261
-15.265,-66.186
-16.2,-66.241
-14.493,-66.126
-15.384,-66.135
-14.299,-66.284
-15.191,-66.225
-14.145,-66.379
-15.09,-66.332
-13.47,-66.189
-14.477,-66.196
-13.468,-66.327
-14.497,-66.309
-13.095,-66.107
-14.133,-66.081
-12.733,-65.853
-13.764,-65.808
-12.839,-65.876
-13.929,-65.873
-13.048,-65.943
-14.225,-65.945
-13.395,-66.019
-14.647,-66.019
-13.285,-66.129
-14.558,-66.097
-13.196,-66.148
-14.482,-66.145
-13.096,-66.161
-14.392,-66.142
-12.908,-66.256
-14.22,-66.27
-12.729,-66.373
-14.009,-66.355
-12.548,-66.524
-13.802,-66.444
-12.338,-66.631
-13.523,-66.497
-12.042,-66.644
-13.243,-66.536
-11.754,-66.672
-13.011,-66.504
-11.552,-66.711
-12.728,-66.656
-11.258,-66.856
-12.458,-66.795
-10.988,-67.018
-12.197,-66.968
-10.72,-67.19
-11.924,-67.122
-10.485,-67.346
-11.7,-67.191
-10.237,-67.375
-11.482,-67.223
-9.9967,-67.35
-11.367,-67.131
-9.9129,-67.282
-11.228,-67.074
-9.8436,-67.275
-11.166,-67.073
-9.7081,-67.201
-11.046,-66.999
-9.6238,-67.126
-10.946,-66.954
-9.5424,-67.145
-10.782,-66.99
-9.3838,-67.188
-10.521,-67.082
-9.1401,-67.301
-10.312,-67.208
-8.9195,-67.437
-10.228,-67.297
-8.8098,-67.469
-10.141,-67.316
-8.7815,-67.448
-10.221,-67.357
-8.8727,-67.472
-10.306,-67.373
-9.0217,-67.496
-10.455,-67.388
-9.1985,-67.564
-10.644,-67.437
-9.3851,-67.637
-10.833,-67.497
-9.5791,-67.687
-11.042,-67.54
-9.7256,-67.711
-11.164,-67.59
-9.8793,-67.754
-11.236,-67.575
-9.9582,-67.734
-11.256,-67.545
-9.9923,-67.693
-11.292,-67.526
-10.04,-67.668
-11.354,-67.481
-10.104,-67.619
-11.398,-67.431
-10.146,-67.451
-11.358,-67.335
-10.111,-67.426
-11.317,-67.238
-10.066,-67.304
-11.249,-67.104
-10.008,-67.163
-11.273,-66.952
-10.125,-67.086
-11.35,-66.904
-10.172,-67.033
-11.427,-66.829
-10.241,-66.951
-11.479,-66.744
-10.285,-66.859
-11.506,-66.56
-10.301,-66.701
-11.515,-66.407
-10.295,-66.549
-11.44,-66.272
-10.218,-66.417
-11.358,-66.146
-10.189,-66.316
-11.331,-66.119
-10.142,-66.269
-11.301,-66.073
-10.061,-66.119
-11.16,-65.951
-9.9101,-66.046
-10.977,-65.832
-9.8086,-65.992
-10.808,-65.784
-9.643,-65.943
-10.722,-65.783
-9.5056,-65.865
-10.57,-65.645
-9.3847,-65.757
-10.552,-65.489
-9.3604,-65.6
-10.516,-65.341
-9.3314,-65.453
-10.403,-65.217
-9.1934,-65.297
-10.281,-65.159
-9.0741,-65.23
-10.159,-65.089
-8.9301,-65.141
-9.9903,-64.96
-8.7634,-65.053
-9.8272,-64.878
-8.6249,-64.947
-9.6882,-64.765
-8.4914,-64.853
-9.5682,-64.705
-8.3835,-64.768
-9.4478,-64.63
-8.2494,-64.621
-9.2877,-64.447
-8.0587,-64.445
-9.1005,-64.291
-7.8755,-64.303
-8.9197,-64.157
-7.7047,-64.175
-8.7514,-64.046
-7.5353,-64.07
-8.5852,-63.949
-7.3976,-63.9
-8.4595,-63.782
-7.2825,-63.739
-8.3459,-63.586
-7.2276,-63.509
-8.2877,-63.364
-7.1858,-63.319
-8.2552,-63.212
-7.2128,-63.286
-8.276,-63.241
-7.2218,-63.381
-8.3065,-63.252
-7.1299,-63.445
-8.2028,-63.329
-7.076,-63.526
-8.1535,-63.417
-7.03,-63.622
-8.1119,-63.514
-6.9758,-63.73
-8.0517,-63.645
-6.9275,-63.84
-8.0113,-63.759
-6.9862,-63.951
-8.094,-63.882
-7.079,-64.061
-8.1999,-63.998
-7.1781,-64.239
-8.313,-64.178
-7.3263,-64.391
-8.4991,-64.168
-7.5212,-64.39
-8.5515,-64.251
-7.4981,-64.403
-8.5376,-64.259
-7.5087,-64.405
-8.5681,-64.186
-7.5387,-64.319
-8.5793,-64.206
-7.5489,-64.332
-8.5984,-64.2
-7.5773,-64.318
-8.5819,-64.131
-7.5627,-64.229
-8.6748,-64.087
-7.6665,-64.15
-8.7953,-64.015
-7.8269,-64.158
-9.0173,-63.985
-8.0487,-64.139
-9.2022,-63.988
-8.2355,-64.118
-9.3796,-63.966
-8.3975,-64.12
-9.5612,-63.94
-8.6015,-64.079
-9.7206,-63.921
-8.7624,-63.998
-9.9601,-63.799
-9.0062,-63.943
-10.173,-63.697
-9.1796,-63.852
-10.277,-63.634
-9.2335,-63.778
-10.275,-63.561
-9.2442,-63.663
-10.269,-63.454
-9.2334,-63.547
-10.248,-63.33
-9.207,-63.41
-10.21,-63.194
-9.1632,-63.366
-10.167,-63.152
-9.1062,-63.328
-10.1,-63.124
-9.0863,-63.296
-10.123,-63.064
-9.0965,-63.237
-10.087,-62.991
-9.0568,-63.102
-10.028,-62.844
-8.9855,-62.964
-9.9415,-62.775
-8.9331,-62.857
-9.9185,-62.614
-8.9438,-62.735
-9.892,-62.494
-8.9897,-62.615
-9.949,-62.372
-8.9782,-62.452
-9.8241,-62.181
-8.8726,-62.318
-9.7348,-62.118
-8.6835,-62.303
-9.6106,-62.094
-8.556,-62.27
-9.4676,-62.073
-8.4758,-62.239
-9.4216,-62.036
-8.3702,-62.078
-9.2968,-61.874
-8.2528,-61.917
-9.197,-61.727
-8.1923,-61.83
-9.1341,-61.638
-8.1325,-61.742
-9.0716,-61.586
-8.0723,-61.694
-8.9994,-61.532
-8.0007,-61.588
-8.9034,-61.42
-7.8943,-61.423
-8.7973,-61.268
-7.8038,-61.303
-8.7652,-61.217
-7.778,-61.247
-8.7473,-61.161
-7.7476,-61.174
-8.7609,-61.023
-7.8032,-61.092
-8.8485,-60.948
-7.8901,-61.022
-8.8749,-60.913
-7.9514,-60.992
-8.9514,-60.843
-8.0294,-60.965
-8.9852,-60.886
-8.0709,-61.018
-9.0092,-60.932
-8.0532,-61.049
-8.9909,-60.942
-8.0493,-60.997
-8.9883,-60.815
-8.0382,-60.941
-8.9752,-60.767
-8.0431,-60.928
-8.9885,-60.759
-8.0497,-60.88
-8.9923,-60.719
-8.0554,-60.851
-9.0058,-60.69
-8.0778,-60.802
-9.026,-60.618
-8.1104,-60.733
-9.1025,-60.546
-8.1852,-60.657
-9.1045,-60.529
-8.1903,-60.649
-9.1075,-60.453
-8.1857,-60.569
-9.0747,-60.407
-8.1626,-60.609
-9.0436,-60.423
-8.2163,-60.588
-9.1026,-60.433
-8.3164,-60.615
-9.2058,-60.461
-8.3457,-60.685
-9.2457,-60.538
-8.388,-60.674
-9.2872,-60.524
-8.4186,-60.637
-9.3258,-60.458
-8.5008,-60.625
-9.41,-60.454
-8.5392,-60.602
-9.4959,-60.425
-8.6153,-60.555
-9.5374,-60.381
-8.6007,-60.546
-9.5189,-60.375
-8.6013,-60.526
-9.5057,-60.364
-8.585,-60.512
-9.4962,-60.348
-8.5058,-60.485
-9.0582,-60.419
-8.1491,-60.53
-8.6548,-60.422
-7.7267,-60.577
-8.2704,-60.589
-7.4013,-60.772
-8.0133,-60.757
-7.2324,-60.872
-7.8491,-60.859
-7.0906,-60.966
-7.7437,-60.952
-7.0229,-61.04
-7.7308,-61.02
-7.0355,-61.103
-7.7597,-61.08
-7.0894,-61.151
-7.7996,-61.193
-7.1547,-61.238
-7.8404,-61.339
-7.2249,-61.361
-7.9484,-61.435
-7.2982,-61.464
-8.0745,-61.533
-7.4794,-61.564
-8.2666,-61.608
-7.7025,-61.643
-8.5292,-61.668
-8.0092,-61.623
-8.8788,-61.64
-8.3695,-61.611
-9.3057,-61.605
-8.7933,-61.541
-9.7363,-61.519
-9.2237,-61.433
-10.171,-61.385
-9.7702,-61.316
-10.615,-60.962
-10.232,-60.833
-11.068,-60.486
-10.644,-60.374
-11.747,-60.051
-11.314,-59.943
-12.413,-59.512
-11.965,-59.426
-13.089,-59.038
-12.646,-58.968
-13.848,-58.585
-13.405,-58.58
-14.554,-58.133
-14.096,-58.101
-15.189,-57.706
-14.703,-57.642
-15.767,-57.249
-15.28,-57.196
-16.315,-56.811
-15.823,-56.765
-16.895,-56.431
-16.37,-56.395
-17.416,-56.059
-16.88,-56.032
-17.846,-55.642
-17.3,-55.628
-18.343,-55.277
-17.764,-55.355
-18.729,-54.973
-18.118,-55.068
-19.057,-54.707
-18.469,-54.784
-19.34,-54.458
-18.731,-54.595
-19.572,-54.285
-18.938,-54.41
-19.743,-54.111
-19.108,-54.265
-19.916,-53.971
-19.257,-54.115
-20.031,-53.789
-19.352,-53.943
-20.105,-53.635
-19.369,-53.739
-20.094,-53.435
-19.335,-53.552
-20.055,-53.303
-19.279,-53.431
-19.972,-53.233
-19.13,-53.381
-19.812,-53.202
-18.971,-53.386
-19.62,-53.263
-18.705,-53.468
-19.334,-53.357
-18.414,-53.544
-19.015,-53.379
-18.082,-53.587
-18.694,-53.442
-17.737,-53.661
-18.359,-53.547
-17.401,-53.816
-17.934,-53.669
-16.959,-53.93
-17.466,-53.804
-16.477,-54.083
-17.073,-53.997
-16.062,-54.289
-16.658,-54.196
-15.614,-54.501
-16.199,-54.458
-15.127,-54.808
-15.702,-54.792
-14.603,-55.163
-15.185,-55.168
-14.047,-55.553
-14.608,-55.58
-13.436,-55.98
-13.986,-56.028
-12.778,-56.442
-13.316,-56.534
-12.085,-56.943
-12.62,-57.061
-11.345,-57.465
-11.912,-57.639
-10.963,-57.968
-11.537,-58.161
-10.665,-58.54
-11.149,-58.694
-10.276,-58.954
-10.756,-59.118
-9.8964,-59.38
-10.373,-59.55
-9.5293,-59.806
-10.032,-59.955
-9.2058,-60.205
-9.7493,-60.366
-8.9158,-60.606
-9.4583,-60.743
-8.658,-60.977
-9.2352,-61.115
-8.5004,-61.258
-9.2505,-61.469
-8.5901,-61.511
-9.3704,-61.693
-8.7277,-61.714
-9.5595,-61.873
-8.8407,-61.896
-9.7056,-62.027
-9.0268,-62.016
-9.9249,-62.116
-9.2481,-62.067
-10.172,-62.158
-9.5105,-62.074
-10.456,-62.101
-9.765,-61.988
-10.72,-61.901
-10.06,-61.766
-11.076,-61.672
-10.406,-61.553
-11.438,-61.421
-10.928,-61.584
-12.01,-61.444
-11.543,-61.603
-12.679,-61.445
-11.928,-61.571
-13.089,-61.395
-12.414,-61.652
-13.584,-61.473
-12.906,-61.673
-14.083,-61.486
-13.287,-61.689
-14.435,-61.448
-13.65,-61.685
-14.789,-61.486
-14.019,-61.673
-15.161,-61.467
-14.389,-61.646
-15.528,-61.427
-14.746,-61.602
-15.88,-61.365
-15.052,-61.513
-16.188,-61.265
-15.348,-61.41
-16.465,-61.165
-15.681,-61.365
-16.745,-61.105
-15.866,-61.293
-16.998,-60.988
-16.116,-61.185
-17.215,-60.877
-16.317,-61.065
-17.392,-60.758
-16.497,-60.918
-17.554,-60.594
-16.654,-60.744
-17.694,-60.412
-16.78,-60.556
-17.8,-60.207
-16.874,-60.347
-17.884,-59.989
-16.955,-60.179
-17.948,-59.825
-17.007,-60.025
-18.029,-59.736
-17.07,-59.917
-18.076,-59.632
-17.103,-59.818
-18.095,-59.534
-17.119,-59.682
-18.146,-59.39
-17.152,-59.549
-18.155,-59.256
-17.178,-59.415
-18.194,-59.125
-17.213,-59.295
-18.258,-58.988
-17.292,-59.21
-18.333,-58.902
-17.351,-59.113
-18.386,-58.788
-17.391,-58.995
-18.411,-58.663
-17.518,-58.918
-18.43,-58.519
-17.513,-58.775
-18.437,-58.382
-17.486,-58.549
-18.464,-58.22
-17.496,-58.406
-18.527,-58.109
-17.546,-58.319
-18.573,-58.055
-17.577,-58.266
-18.56,-57.918
-17.552,-58.132
-18.482,-57.739
-17.491,-57.988
-18.45,-57.638
-17.448,-57.899
-18.405,-57.552
-18.292,-57.58
-19.164,-57.247
-18.822,-57.242
-19.647,-56.945
-19.268,-56.962
-20.035,-56.648
-19.576,-56.674
-20.338,-56.309
-19.925,-56.391
-20.608,-56.088
-20.119,-56.122
-20.759,-55.845
-20.273,-55.921
-20.86,-55.713
-20.346,-55.829
-20.883,-55.647
-20.027,-55.92
-20.539,-55.71
-19.736,-55.996
-20.236,-55.804
-19.373,-56.029
-19.869,-55.88
-18.887,-56.009
-19.359,-55.875
-18.352,-56.022
-18.803,-55.921
-17.744,-56.045
-18.234,-55.914
-17.16,-56.044
-17.643,-55.899
-16.554,-56.026
-17.025,-55.914
-15.922,-56.043
-16.381,-55.943
-15.269,-56.08
-15.716,-55.983
-14.621,-56.236
-15.052,-56.143
-13.895,-56.389
-14.362,-56.249
-13.2,-56.498
-13.664,-56.383
-12.484,-56.628
-12.948,-56.523
-11.754,-56.769
-12.211,-56.675
-11.014,-56.92
-11.388,-56.841
-10.18,-57.072
-10.505,-57.074
-9.2687,-57.343
-9.6195,-57.343
-8.3521,-57.573
-8.7062,-57.578
-7.4813,-57.818
-7.8522,-57.772
-6.6322,-57.993
-7.0075,-57.955
-5.5308,-58.226
-5.9544,-58.181
-4.5001,-58.447
-4.9586,-58.413
-3.5259,-58.662
-4.0211,-58.621
-2.6224,-58.834
-3.049,-58.764
-1.7331,-58.981
-2.2206,-58.978
-0.8443,-59.209
-1.3732,-59.189
-0.030068,-59.405
-0.59906,-59.388
0.70492,-59.593
0.097107,-59.584
1.3759,-59.777
0.72186,-59.785
1.9731,-59.966
1.2888,-59.972
2.5138,-60.151
1.7974,-60.156
3.0032,-60.317
2.2549,-60.322
3.4311,-60.477
2.6488,-60.474
3.7977,-60.629
2.9797,-60.62
4.1051,-60.761
3.2124,-60.721
4.3083,-60.86
3.3869,-60.824
4.4534,-60.962
3.4794,-60.921
4.5056,-61.051
3.5142,-60.978
4.5012,-61.089
3.4613,-60.969
4.4084,-61.069
3.3696,-60.996
4.2734,-61.079
3.1774,-60.988
4.0432,-61.069
2.9183,-60.975
3.7324,-61.045
2.5614,-60.933
3.2495,-61.075
1.9974,-60.955
2.6286,-61.089
1.3894,-61.015
1.9991,-61.084
0.70326,-60.99
1.3011,-61.015
-0.12705,-60.823
0.41195,-60.809
-1.0255,-60.567
-0.54438,-60.625
-2.0302,-60.364
-1.6361,-60.472
-3.1721,-60.16
-2.8224,-60.222
-4.4143,-59.862
-4.1253,-59.911
-4.7908,-59.632
-4.4712,-59.677
-5.258,-59.45
-4.9111,-59.479
-5.6798,-59.242
-5.9084,-59.325
-6.6114,-59.091
-6.5363,-59.19
-7.153,-58.967
-7.0532,-59.03
-7.5863,-58.868
-7.4199,-58.935
-7.8807,-58.774
-7.6783,-58.801
-8.0568,-58.643
-7.7974,-58.672
-8.4578,-58.4
-8.1712,-58.461
-8.7472,-58.193
-8.4078,-58.245
-8.9686,-58.071
-8.6048,-58.102
-9.0757,-57.959
-8.6714,-57.996
-9.1032,-57.855
-8.6696,-57.877
-9.0716,-57.77
-8.6176,-57.797
-8.9779,-57.694
-8.4741,-57.757
-8.7942,-57.663
-8.2478,-57.709
-8.5502,-57.553
-7.9555,-57.616
-8.2048,-57.472
-7.5848,-57.542
-7.803,-57.411
-7.0792,-57.463
-7.2753,-57.348
-6.5245,-57.422
-6.6894,-57.324
-5.9153,-57.401
-6.0589,-57.318
-5.2602,-57.404
-5.3907,-57.338
-4.576,-57.434
-4.6739,-57.39
-3.8487,-57.476
-3.9029,-57.466
-3.1063,-57.531
-3.1608,-57.493
-2.323,-57.555
-2.3854,-57.538
-1.533,-57.6
-1.542,-57.561
-0.66032,-57.664
-0.63683,-57.644
0.25548,-57.742
0.029492,-57.685
1.0162,-57.805
0.79521,-57.754
1.7805,-57.867
1.5609,-57.819
2.5142,-57.934
2.2894,-57.899
3.1514,-58.048
2.9255,-58.027
3.7924,-58.109
3.588,-58.106
4.4525,-58.185
4.2463,-58.224
5.1118,-58.342
4.8982,-58.362
5.7574,-58.453
5.528,-58.476
6.3879,-58.535
6.1717,-58.567
7.016,-58.611
6.7931,-58.639
7.6472,-58.683
7.4135,-58.708
8.246,-58.733
8.0099,-58.767
8.8311,-58.775
8.5866,-58.809
9.3966,-58.807
9.1334,-58.843
9.9641,-58.846
9.6864,-58.872
10.49,-58.858
10.197,-58.876
10.986,-58.847
10.683,-58.871
11.431,-58.819
11.108,-58.834
11.831,-58.793
11.489,-58.802
12.142,-58.698
11.776,-58.698
12.399,-58.568
12.001,-58.561
12.592,-58.408
12.17,-58.393
12.725,-58.228
12.279,-58.203
12.798,-58.026
12.326,-57.993
12.903,-57.822
12.397,-57.778
12.912,-57.594
12.365,-57.542
12.932,-57.378
12.358,-57.321
12.863,-57.171
12.258,-57.111
12.726,-56.956
12.089,-56.893
12.513,-56.701
11.845,-56.637
12.235,-56.455
11.537,-56.39
11.885,-56.202
11.164,-56.134
11.473,-55.947
10.717,-55.879
10.923,-55.647
10.703,-55.475
10.911,-55.233
10.595,-55.129
10.796,-54.889
10.498,-54.796
10.64,-54.522
10.406,-54.456
10.541,-54.179
10.353,-54.122
10.431,-53.836
10.262,-53.828
10.34,-53.533
10.219,-53.473
10.289,-53.18
10.168,-53.153
10.219,-52.832
10.096,-52.802
10.171,-52.551
10.03,-52.481
10.101,-52.226
9.9193,-51.96
10.716,-51.955
10.477,-51.681
11.203,-51.709
10.903,-51.422
11.588,-51.375
11.23,-51.087
11.786,-51.151
11.38,-50.852
11.928,-50.894
11.576,-51.061
11.326,-51.203
10.933,-51.371
10.901,-51.403
10.497,-51.506
10.443,-51.478
10.029,-51.541
9.9614,-51.473
9.544,-51.49
9.4414,-51.386
9.0329,-51.351
9.1587,-51.324
8.7457,-51.226
8.8352,-51.124
8.4093,-50.969
8.4932,-50.809
8.0543,-50.599
8.1319,-50.393
7.6845,-50.13
7.7529,-49.872
7.299,-49.558
7.3617,-49.25
6.9118,-48.887
6.9776,-48.529
6.4551,-48.1
6.5102,-47.687
5.9893,-47.209
6.0375,-46.75
5.5536,-46.221
5.6102,-45.715
5.1273,-45.141
5.1808,-44.585
4.7037,-43.966
4.7345,-43.35
4.263,-42.688
4.2922,-41.982
3.8267,-41.215
3.8583,-40.467
3.4046,-39.658
3.4501,-38.867
3.0098,-38.018
3.0465,-37.166
2.6201,-36.279
2.6619,-35.386
2.2302,-34.443
2.2797,-33.519
1.8647,-32.55
1.9147,-31.576
1.5077,-30.583
1.5608,-29.576
1.1629,-28.565
1.2201,-27.529
0.83717,-26.517
0.90263,-25.478
0.53818,-24.465
0.61257,-23.429
0.26668,-22.424
0.34807,-21.393
0.014062,-20.402
0.10538,-19.388
-0.21036,-18.421
-0.10853,-17.434
-0.41203,-16.495
-0.30078,-15.541
-0.58072,-14.656
-0.44992,-13.74
-0.71039,-12.898
-0.56025,-12.035
-0.78402,-11.258
-0.61788,-10.448
-0.81956,-9.7264
-0.64388,-8.9656
-0.90728,-8.2602
-0.72601,-7.5508
-0.96616,-6.8987
-0.77462,-6.2386
-1.0149,-5.6552
-0.82061,-5.0498
-1.0541,-4.5186
-0.85681,-3.9689
-1.0776,-3.495
-0.87629,-3.0019
-1.0892,-2.6099
-0.88283,-2.1745
-1.0819,-1.8399
-0.87089,-1.4627
-1.0586,-1.1871
-0.84863,-0.86992
-1.0235,-0.65363
-0.80827,-0.3953
-0.91717,-0.26802
-0.69903,-0.073174
-0.78922,-0.0069713
-0.56347,0.13099
-0.63793,0.1366
-0.40124,0.21249
-0.43989,0.15419
-0.22915,0.18955
-0.24862,0.068135
-0.049844,0.051178
-0.024386,-0.13604
0.17966,-0.16748
0.22033,-0.41516
0.40397,-0.54828
0.46268,-0.85644
0.64983,-1.0264
0.72422,-1.4005
0.92762,-1.6308
0.92675,-1.4764
1.1441,-1.7549
1.1535,-1.6274
1.3195,-1.5329
0.85875,-1.5357
0.98961,-1.4458
0.49269,-1.3878
0.58574,-1.2975
0.022831,-1.2936
0.073214,-1.2059
-0.42291,-1.2222
-0.41071,-1.1399
-0.98999,-1.1391
-0.92951,-1.0963
-0.88752,-1.1065
-0.80926,-1.0458
-0.91532,-1.1382
-0.83018,-1.108
-0.91686,-1.2308
-0.81883,-1.2032
-0.88766,-1.3323
-0.77782,-1.3185
-0.80485,-1.4464
-0.68642,-1.4551
-0.87663,-1.3872
-0.75746,-1.3979
-0.94199,-1.3355
-0.82141,-1.3461
-1.0117,-1.2799
-0.88915,-1.29
-1.08,-1.224
-0.95711,-1.2336
-1.1477,-1.1691
-1.0242,-1.1794
-1.2149,-1.1152
-1.089,-1.1256
-1.2791,-1.0615
-1.1514,-1.0725
-1.3413,-1.0096
-1.2127,-1.0212
-1.4008,-0.95923
-1.2709,-0.97212
-1.4593,-0.91108
-1.3275,-0.92413
-1.514,-0.86324
-1.38,-0.87899
-1.565,-0.82074
-1.4282,-0.83681
-1.6115,-0.77876
-1.4729,-0.79631
-1.6547,-0.73991
-1.5149,-0.76068
-1.6946,-0.70584
-1.5522,-0.72667
-1.7312,-0.67339
-1.5862,-0.69623
-1.7614,-0.64499
-1.6147,-0.66996
-1.7881,-0.62164
-1.6384,-0.64915
-1.809,-0.60187
-1.6563,-0.63103
-1.8245,-0.58439
-1.6696,-0.61638
-1.835,-0.5725
-1.6764,-0.60725
-1.8393,-0.56578
-1.678,-0.60304
-1.8377,-0.56415
-1.6726,-0.60342
-1.8291,-0.5653
-1.6624,-0.60955
-1.8164,-0.5756
-1.644,-0.62106
-1.7949,-0.59057
-1.6204,-0.63879
-1.7678,-0.6109
-1.5894,-0.66185
-1.7343,-0.6349
-1.5593,-0.6859
-1.7107,-0.65387
-1.5494,-0.69136
-1.7079,-0.65168
-1.5514,-0.68049
-1.7133,-0.63908
-1.5525,-0.6726
-1.7164,-0.62987
-1.5532,-0.66478
-1.7159,-0.62292
-1.5535,-0.65753
-1.7165,-0.61519
-1.555,-0.65009
-1.7176,-0.60728
-1.5561,-0.6405
-1.719,-0.5971
-1.5554,-0.63164
-1.7181,-0.58802
-1.5553,-0.62114
-1.7177,-0.57888
-1.554,-0.61197
-1.7181,-0.57061
-1.5551,-0.6039
-1.7187,-0.56247
-1.5554,-0.5969
-1.7186,-0.55505
-1.5557,-0.5897
-1.7176,-0.54785
-1.5542,-0.58259
-1.7168,-0.5399
-1.5532,-0.576
-1.7152,-0.53325
-1.5493,-0.56877
-1.7125,-0.52754
-1.548,-0.5637
-1.7114,-0.5237
-1.5474,-0.56006
-1.7114,-0.52057
-1.5473,-0.55735
-1.7108,-0.51853
-1.5475,-0.55405
-1.7109,-0.51631
-1.5462,-0.55448
-1.7102,-0.51757
-1.5457,-0.55574
-1.708,-0.51832
-1.5443,-0.55695
-1.708,-0.51926
-1.5434,-0.55991
-1.7073,-0.52184
-1.5412,-0.56289
-1.7059,-0.52532
-1.5413,-0.56561
-1.7049,-0.5285
-1.5393,-0.57002
-1.7032,-0.53341
-1.5387,-0.57446
-1.7035,-0.53868
-1.5383,-0.57945
-1.7029,-0.54298
-1.5386,-0.58461
-1.7023,-0.54937
-1.538,-0.59216
-1.7034,-0.55658
-1.5378,-0.60026
-1.7024,-0.5647
-1.5377,-0.60823
-1.7027,-0.57292
-1.5378,-0.61432
-1.7033,-0.57936
-1.5373,-0.62095
-1.7033,-0.58611
-1.538,-0.62934
-1.703,-0.59535
-1.5375,-0.63759
-1.7029,-0.60278
-1.5376,-0.64478
-1.7034,-0.61063
-1.5383,-0.65348
-1.7046,-0.61886
-1.539,-0.66095
-1.7047,-0.6266
-1.5395,-0.66835
-1.7059,-0.63447
-1.5397,-0.67659
-1.7064,-0.64291
-1.5408,-0.68581
-1.7078,-0.6506
-1.5425,-0.69228
-1.7098,-0.65837
-1.5453,-0.70183
-1.7127,-0.66783
-1.5476,-0.70983
-1.7126,-0.67583
-1.5443,-0.71809
-1.7061,-0.68612
-1.5381,-0.72928
-1.7033,-0.6958
-1.5376,-0.73737
-1.7047,-0.70314
-1.5419,-0.74329
-1.7106,-0.70826
-1.5477,-0.74789
-1.7165,-0.71337
-1.5532,-0.75358
-1.7217,-0.71747
-1.559,-0.75692
-1.7269,-0.71971
-1.5641,-0.75907
-1.7323,-0.72099
-1.5691,-0.75955
-1.7388,-0.72118
-1.5764,-0.76061
-1.7442,-0.72017
-1.5811,-0.75995
-1.7499,-0.72042
-1.5873,-0.75899
-1.756,-0.71832
-1.5942,-0.75574
-1.7633,-0.71536
-1.6007,-0.75393
-1.7693,-0.71332
-1.6068,-0.75056
-1.7755,-0.70871
-1.6122,-0.74632
-1.7812,-0.70589
-1.6165,-0.74397
-1.7844,-0.7023
-1.6209,-0.73932
-1.7895,-0.69781
-1.6267,-0.734
-1.7958,-0.69317
-1.6322,-0.72893
-1.8002,-0.68677
-1.636,-0.7228
-1.8044,-0.68206
-1.6398,-0.7178
-1.808,-0.67607
-1.6442,-0.71211
-1.8121,-0.6705
-1.6481,-0.70585
-1.8164,-0.66425
-1.6525,-0.69915
-1.8204,-0.6587
-1.6561,-0.69403
-1.8237,-0.65317
-1.6605,-0.68888
-1.828,-0.64781
-1.6643,-0.68284
-1.8318,-0.64194
-1.6677,-0.67759
-1.8354,-0.63696
-1.6716,-0.67276
-1.8396,-0.63275
-1.6751,-0.6688
-1.8431,-0.62761
-1.6795,-0.66267
-1.8464,-0.62143
-1.6813,-0.65741
-1.8483,-0.6175
-1.6831,-0.65373
-1.8503,-0.61517
-1.6853,-0.6513
-1.853,-0.61167
-1.6883,-0.64769
-1.8555,-0.60791
-1.692,-0.64496
-1.859,-0.60502
-1.6943,-0.64251
-1.862,-0.60126
-1.6978,-0.63865
-1.8646,-0.59744
-1.6998,-0.63551
-1.8655,-0.59523
-1.7006,-0.6321
-1.8677,-0.59128
-1.7031,-0.62936
-1.8694,-0.589
-1.7036,-0.62767
-1.8705,-0.58786
-1.7049,-0.62656
-1.8717,-0.58707
-1.7064,-0.62528
-1.8725,-0.58496
-1.7072,-0.62364
-1.8738,-0.58226
-1.7084,-0.62105
-1.8733,-0.58051
-1.7072,-0.61882
-1.8725,-0.57873
-1.7066,-0.61799
-1.8724,-0.57763
-1.7057,-0.617
-1.872,-0.57672
-1.7055,-0.61604
-1.8715,-0.57634
-1.7045,-0.61616
-1.8701,-0.57774
-1.7025,-0.61814
-1.8677,-0.5794
-1.7005,-0.61995
-1.866,-0.58224
-1.6994,-0.6231
-1.8643,-0.58672
-1.6972,-0.62782
-1.8624,-0.59242
-1.6945,-0.63404
-1.8597,-0.59769
-1.6918,-0.63946
-1.8571,-0.60459
-1.6892,-0.64678
-1.8546,-0.61173
-1.6873,-0.6545
-1.8515,-0.62082
-1.6865,-0.66314
-1.8547,-0.62821
-1.6943,-0.6683
-1.8631,-0.63222
-1.6996,-0.67256
-1.8687,-0.63689
-1.7034,-0.67759
-1.8693,-0.64245
-1.7028,-0.68369
-1.8689,-0.64978
-1.7037,-0.69091
-1.8696,-0.65564
-1.7043,-0.69642
-1.8709,-0.6624
-1.706,-0.70381
-1.8725,-0.66964
-1.7076,-0.71245
-1.874,-0.67805
-1.709,-0.72065
-1.8748,-0.68542
-1.7105,-0.72722
-1.8764,-0.69161
-1.7113,-0.73402
-1.8774,-0.69798
-1.7113,-0.74156
-1.8764,-0.70616
-1.7105,-0.75049
-1.8756,-0.71487
-1.7094,-0.75795
-1.8747,-0.72158
-1.7084,-0.76501
-1.873,-0.72891
-1.7067,-0.77135
-1.8722,-0.73445
-1.7061,-0.77747
-1.8709,-0.74012
-1.7051,-0.78247
-1.8701,-0.74555
-1.7041,-0.78712
-1.8687,-0.75032
-1.7034,-0.79408
-1.8695,-0.75626
-1.704,-0.79794
-1.871,-0.76134
-1.7056,-0.80219
-1.8717,-0.76555
-1.7068,-0.80714
-1.8747,-0.76995
-1.7101,-0.81127
-1.8754,-0.77443
-1.7108,-0.8138
-1.877,-0.77587
-1.7124,-0.815
-1.8777,-0.77735
-1.7131,-0.8164
-1.8787,-0.77746
-1.7147,-0.81776
-1.8804,-0.78007
-1.7156,-0.81926
-1.8815,-0.78039
-1.717,-0.81933
-1.8823,-0.78002
-1.7164,-0.81895
-1.8812,-0.77993
-1.716,-0.81875
-1.8813,-0.77931
-1.7161,-0.81876
-1.8821,-0.77874
-1.7163,-0.81592
-1.8823,-0.77552
-1.7159,-0.8138
-1.8802,-0.77317
-1.7147,-0.81143
-1.8789,-0.76968
-1.7133,-0.80818
-1.8777,-0.76646
-1.7111,-0.80463
-1.8751,-0.76308
-1.7094,-0.80111
-1.8737,-0.75995
-1.7083,-0.79771
-1.8728,-0.75719
-1.7068,-0.79477
-1.8709,-0.75372
-1.7045,-0.79163
-1.8686,-0.74936
-1.7025,-0.78728
-1.8664,-0.74552
-1.6986,-0.78338
-1.8628,-0.74093
-1.6963,-0.77998
-1.8592,-0.73825
-1.6925,-0.77868
-1.8565,-0.73726
-1.6904,-0.77698
-1.8548,-0.73648
-1.6884,-0.77663
-1.8513,-0.73369
-1.6854,-0.77391
-1.8493,-0.73176
-1.682,-0.77188
-1.8464,-0.73079
-1.6794,-0.77225
-1.8438,-0.73198
-1.6779,-0.77303
-1.8429,-0.73222
-1.6765,-0.77428
-1.841,-0.73453
-1.6749,-0.77608
-1.839,-0.73662
-1.6734,-0.77767
-1.8377,-0.73892
-1.673,-0.77977
-1.8381,-0.7412
-1.673,-0.7841
-1.8383,-0.74583
-1.6732,-0.78833
-1.8396,-0.75073
-1.6751,-0.79282
-1.8407,-0.75522
-1.6774,-0.79762
-1.842,-0.76072
-1.6774,-0.80319
-1.842,-0.76763
-1.678,-0.81097
-1.8434,-0.77525
-1.679,-0.81849
-1.8447,-0.78303
-1.6815,-0.82625
-1.8468,-0.79065
-1.6837,-0.83317
-1.8484,-0.79716
-1.6853,-0.84078
-1.8514,-0.80499
-1.6909,-0.84863
-1.8613,-0.8122
-1.7025,-0.85532
-1.8711,-0.81872
-1.7094,-0.86287
-1.8753,-0.82627
-1.7115,-0.87102
-1.8766,-0.83689
-1.7128,-0.88175
-1.878,-0.84528
-1.7132,-0.88981
-1.8784,-0.85294
-1.7138,-0.89713
-1.8783,-0.85794
-1.7141,-0.90231
-1.8788,-0.86356
-1.7129,-0.90854
-1.8773,-0.86908
-1.7128,-0.91328
-1.8774,-0.87425
-1.7122,-0.91875
-1.8769,-0.87921
-1.7128,-0.92411
-1.8769,-0.88443
-1.7115,-0.92891
-1.8754,-0.8894
-1.7108,-0.93327
-1.8744,-0.89171
-1.7089,-0.93561
-1.8724,-0.89583
-1.7056,-0.93769
-1.8686,-0.89843
-1.7027,-0.94136
-1.8659,-0.9007
-1.6983,-0.94271
-1.861,-0.9019
-1.6948,-0.94379
-1.8574,-0.90298
-1.6897,-0.94417
-1.8514,-0.90283
-1.6843,-0.94428
-1.8465,-0.90313
-1.68,-0.94504
-1.8407,-0.90338
-1.6728,-0.94318
-1.8341,-0.90189
-1.6665,-0.94245
-1.8277,-0.90029
-1.6598,-0.94012
-1.8217,-0.89885
-1.6539,-0.93939
-1.815,-0.89787
-1.6468,-0.93759
-1.8074,-0.89486
-1.638,-0.93444
-1.7986,-0.89311
-1.6289,-0.93332
-1.79,-0.89075
-1.6208,-0.92979
-1.7816,-0.88773
-1.612,-0.92804
-1.7714,-0.88554
-1.6024,-0.92598
-1.7625,-0.88363
-1.5923,-0.924
-1.7524,-0.88249
-1.5827,-0.92221
-1.7429,-0.87997
-1.5728,-0.91926
-1.7325,-0.87827
-1.562,-0.91793
-1.7227,-0.8755
-1.5536,-0.91487
-1.7132,-0.87227
-1.5431,-0.91312
-1.7029,-0.87054
-1.5329,-0.91117
-1.6932,-0.86767
-1.524,-0.90777
-1.6845,-0.8644
-1.5142,-0.90592
-1.6742,-0.86247
-1.5045,-0.90317
-1.6647,-0.86042
-1.4969,-0.90316
-1.658,-0.86022
-1.4895,-0.90291
-1.6514,-0.86128
-1.4831,-0.90354
-1.6452,-0.85969
-1.4768,-0.90159
-1.6387,-0.85881
-1.4712,-0.90159
-1.6342,-0.85948
-1.4675,-0.90196
-1.6307,-0.86033
-1.4649,-0.90333
-1.6285,-0.8625
-1.4628,-0.90434
-1.6261,-0.86335
-1.4611,-0.90651
-1.6255,-0.86444
-1.4609,-0.90727
-1.6268,-0.86621
-1.4625,-0.90816
-1.6274,-0.86814
-1.4635,-0.91069
-1.629,-0.87048
-1.4657,-0.91271
-1.6327,-0.87269
-1.469,-0.91395
-1.6355,-0.87277
-1.4724,-0.91423
-1.6388,-0.874
-1.4767,-0.91529
-1.6441,-0.87551
-1.4823,-0.91623
-1.6508,-0.87739
-1.4891,-0.91868
-1.6576,-0.87955
-1.4943,-0.92213
-1.66,-0.88142
-1.4926,-0.92434
-1.6543,-0.88446
-1.4866,-0.92747
-1.6506,-0.88624
-1.4835,-0.92855
-1.6492,-0.88886
-1.4832,-0.93015
-1.6484,-0.8898
-1.483,-0.9324
-1.6487,-0.89155
-1.4829,-0.93432
-1.6481,-0.89467
-1.4827,-0.93821
-1.6475,-0.89766
-1.4821,-0.94146
-1.6476,-0.89984
-1.482,-0.94314
-1.6475,-0.9027
-1.4815,-0.94583
-1.6473,-0.90431
-1.4822,-0.94901
-1.6469,-0.90804
-1.4824,-0.95315
-1.6485,-0.91212
-1.4834,-0.95648
-1.6488,-0.91527
-1.4842,-0.95998
-1.6494,-0.91839
-1.4847,-0.9617
-1.6511,-0.92067
-1.487,-0.96416
-1.653,-0.9227
-1.4893,-0.96663
-1.6553,-0.92505
-1.491,-0.96817
-1.6567,-0.92589
-1.4917,-0.96918
-1.6587,-0.92817
-1.4948,-0.97182
-1.6608,-0.93002
-1.4964,-0.97238
-1.6623,-0.93084
-1.4976,-0.97306
-1.6635,-0.93132
-1.4991,-0.97381
-1.6646,-0.93204
-1.4996,-0.97406
-1.6657,-0.93241
-1.4994,-0.97252
-1.6647,-0.93076
-1.4988,-0.97066
-1.665,-0.92886
-1.4995,-0.96915
-1.6658,-0.92745
-1.4996,-0.96715
-1.6665,-0.9255
-1.5003,-0.96544
-1.6674,-0.92487
-1.5007,-0.96453
-1.6669,-0.92253
-1.5011,-0.96213
-1.6671,-0.91964
-1.5011,-0.95922
-1.6681,-0.91712
-1.5011,-0.95571
-1.6672,-0.91412
-1.5006,-0.95338
-1.6676,-0.91119
-1.5012,-0.94953
-1.6677,-0.90663
-1.5009,-0.94668
-1.6671,-0.90425
-1.5002,-0.94429
-1.6676,-0.90154
-1.5017,-0.9414
-1.6675,-0.89888
-1.5011,-0.93949
-1.6677,-0.8968
-1.5011,-0.93712
-1.6683,-0.89451
-1.5019,-0.93529
-1.6678,-0.89178
-1.5015,-0.93135
-1.667,-0.88623
-1.5008,-0.92798
-1.6676,-0.88418
-1.5012,-0.92502
-1.668,-0.88192
-1.5028,-0.92487
-1.6695,-0.88055
-1.5039,-0.9228
-1.6711,-0.88004
-1.5057,-0.92233
-1.672,-0.87995
-1.5065,-0.92269
-1.6727,-0.87935
-1.5066,-0.92134
-1.6734,-0.87918
-1.5083,-0.92136
-1.6749,-0.87972
-1.5093,-0.92243
-1.6762,-0.8816
-1.51,-0.92538
-1.6758,-0.88509
-1.5095,-0.92836
-1.6751,-0.888
-1.5079,-0.93181
-1.6732,-0.89153
-1.5063,-0.93479
-1.6726,-0.89463
-1.5064,-0.93912
-1.6721,-0.89949
-1.5057,-0.94296
-1.6721,-0.90353
-1.5046,-0.94668
-1.6703,-0.90847
-1.5023,-0.95149
-1.6682,-0.91329
-1.5014,-0.95651
-1.6677,-0.91831
-1.4996,-0.96252
-1.6657,-0.92468
-1.4987,-0.96889
-1.6644,-0.93086
-1.498,-0.97582
-1.6646,-0.93821
-1.4977,-0.98157
-1.6637,-0.94347
-1.4965,-0.98651
-1.6622,-0.94841
-1.4953,-0.9929
-1.6608,-0.95552
-1.4941,-0.99946
-1.6594,-0.96148
-1.4926,-1.0052
-1.6582,-0.96672
-1.4915,-1.0113
-1.6587,-0.97454
-1.4922,-1.0183
-1.6588,-0.98015
-1.4927,-1.0248
-1.6584,-0.98581
-1.4931,-1.0295
-1.658,-0.98981
-1.4921,-1.0331
-1.658,-0.99252
-1.4924,-1.0364
-1.6585,-0.99663
-1.4939,-1.0419
-1.6593,-1.0021
-1.4944,-1.0475
-1.6589,-1.0074
-1.4937,-1.051
-1.6582,-1.0107
-1.4938,-1.0556
-1.658,-1.0151
-1.4928,-1.0597
-1.6574,-1.0189
-1.4904,-1.064
-1.6518,-1.0249
-1.4843,-1.0719
-1.6414,-1.0345
-1.4699,-1.0811
-1.6245,-1.0427
-1.453,-1.0961
-1.6089,-1.0569
-1.4329,-1.1091
-1.5923,-1.0832
-1.4247,-1.1299
-1.6443,-0.99868
-1.5303,-1.0684
-1.7393,-0.86431
-1.6491,-0.89487
-1.7243,-0.88497
-1.6372,-0.91382
-1.769,-0.69076
-1.677,-0.73826
-1.7919,-0.48895
-1.6965,-0.55733
-1.8049,-0.29613
-1.7077,-0.38803
-1.8815,-0.062462
-1.7749,-0.18394
-1.977,0.069831
-1.8587,-0.074879
-2.0217,0.18967
-1.3477,0.22105
-1.5282,0.42781
-0.91034,0.39875
-1.0653,0.5359
-0.50369,0.51418
-0.70075,0.62507
-0.16398,0.56537
-0.40069,0.69244
0.10452,0.59859
-0.18328,0.62378
0.29535,0.49639
0.02734,0.48541
-0.082496,0.080246
-0.36142,0.023375
-0.46112,-0.39076
-0.72777,-0.75328
-0.81912,-1.1498
-1.0767,-1.4962
-1.1605,-1.879
-1.4105,-2.2115
-1.6079,-3.0147
-1.8445,-3.3026
-1.9055,-3.6295
-2.1371,-3.9085
-2.194,-4.23
-2.5608,-4.1833
-2.6025,-4.5273
-2.8206,-4.823
-2.7963,-5.2626
-3.0215,-5.549
-2.9909,-5.9734
-3.3231,-6.3069
-3.2884,-6.7409
-3.63,-7.0784
-3.5936,-7.5104
-3.9476,-7.8476
-3.9057,-8.2826
-4.2705,-8.6159
-4.2235,-9.0522
-4.5963,-9.3796
-4.5443,-9.814
-4.9261,-10.134
-4.8671,-10.562
-5.2557,-10.871
-5.1876,-11.289
-5.5829,-11.583
-5.5053,-11.988
-5.9028,-12.263
-5.8132,-12.65
-6.215,-12.902
-6.1136,-13.268
-6.5166,-13.492
-6.4006,-13.831
-6.7994,-14.025
-6.6674,-14.333
-7.0617,-14.49
-6.9123,-14.764
-7.2995,-14.884
-7.1317,-15.12
-7.5075,-15.197
-7.3206,-15.393
-7.6854,-15.425
-7.4773,-15.576
-7.8279,-15.562
-7.5983,-15.666
-7.9309,-15.603
-7.6811,-15.658
-7.9965,-15.544
-7.7257,-15.551
-8.0226,-15.387
-7.7319,-15.346
-8.0085,-15.135
-7.697,-15.043
-7.9524,-14.785
-7.622,-14.649
-7.856,-14.346
-7.5111,-14.166
-7.7232,-13.823
-7.3638,-13.602
-7.5547,-13.221
-7.1819,-12.964
-7.3538,-12.549
-6.971,-12.256
-7.1217,-11.811
-6.7313,-11.489
-6.863,-11.018
-6.4678,-10.67
-6.5846,-10.182
-6.1852,-9.8152
-6.2869,-9.3096
-5.8864,-8.9272
-5.9764,-8.414
-5.5838,-8.0209
-5.6683,-7.4983
-5.2839,-7.0947
-5.3607,-6.5688
-4.9842,-6.1577
-5.0558,-5.6316
-4.6911,-5.2198
-4.7571,-4.6884
-4.3999,-4.2775
-4.4695,-3.7532
-4.1194,-3.327
-4.1744,-2.815
-3.7584,-2.5325
-3.7315,-2.018
-3.3217,-1.8455
-3.2676,-1.4265
-3.0256,-1.0502
-2.9671,-0.62096
-2.6332,-0.51063
-2.5635,-0.096402
-2.2431,-0.056302
-2.1623,0.3395
-1.8435,0.32469
-1.7519,0.70001
-1.3478,0.56291
-1.2384,0.91056
-0.78296,0.80374
-0.65259,1.128
-0.22133,0.9601
-0.73033,1.0137
-0.35943,0.83193
-0.8654,0.86698
-0.60044,0.69236
-1.1092,0.64511
-0.87753,0.42732
-1.416,0.3418
-1.2216,0.035186
-1.7843,-0.099558
-1.6112,-0.37676
-2.2015,-0.55218
-2.1209,-0.86123
-2.2024,-0.83602
-2.1081,-1.1334
-2.1869,-1.1315
-2.1154,-1.1666
-2.1941,-1.1659
-2.1224,-1.2027
-2.2024,-1.2032
-2.1306,-1.2409
-2.0847,-0.82648
-2.0016,-0.82926
-2.0722,-0.79512
-1.988,-0.79801
-2.0593,-0.76127
-1.8414,-1.1198
-1.9008,-1.1148
-1.801,-1.1497
-1.9359,-1.0976
-1.8397,-1.1304
-1.9907,-1.0951
-1.8251,-1.1408
-1.9767,-1.1024
-1.811,-1.1463
-1.9619,-1.1115
-1.7954,-1.1555
-1.947,-1.1216
-1.7791,-1.1651
-1.9317,-1.1306
-1.7653,-1.1753
-1.9185,-1.1399
-1.7519,-1.1839
-1.906,-1.1475
-1.7397,-1.1917
-1.8931,-1.1553
-1.7261,-1.1986
-1.8798,-1.161
-1.7136,-1.2047
-1.8673,-1.1685
-1.7007,-1.2125
-1.8549,-1.1759
-1.6869,-1.2193
-1.8414,-1.1823
-1.6734,-1.225
-1.8273,-1.1891
-1.6598,-1.2316
-1.815,-1.1961
-1.6474,-1.2375
-1.8027,-1.2012
-1.6358,-1.2428
-1.7915,-1.2056
-1.6247,-1.2476
-1.7815,-1.2116
-1.6145,-1.2535
-1.7717,-1.2169
-1.606,-1.2583
-1.7637,-1.2221
-1.5987,-1.2636
-1.7578,-1.2261
-1.5934,-1.2675
-1.7526,-1.2302
-1.5892,-1.2708
-1.7501,-1.234
-1.5863,-1.2749
-1.7491,-1.2364
-1.5867,-1.2767
-1.7487,-1.2388
-1.5869,-1.2791
-1.751,-1.2419
-1.5898,-1.2816
-1.755,-1.2423
-1.5946,-1.2819
-1.7599,-1.2429
-1.6001,-1.2821
-1.7667,-1.2435
-1.6082,-1.2826
-1.7743,-1.2425
-1.6162,-1.2811
-1.7835,-1.2402
-1.6252,-1.2792
-1.7938,-1.239
-1.6359,-1.2768
-1.799,-1.2351
-1.6377,-1.2741
-1.8003,-1.2337
-1.6374,-1.2718
-1.8007,-1.2305
-1.6387,-1.2688
-1.8025,-1.2275
-1.6414,-1.2671
-1.8051,-1.2257
-1.6417,-1.2639
-1.8055,-1.222
-1.643,-1.2599
-1.8062,-1.2174
-1.6422,-1.2552
-1.8055,-1.212
-1.6429,-1.2502
-1.806,-1.2065
-1.6427,-1.2432
-1.8058,-1.1997
-1.642,-1.2364
-1.8049,-1.1933
-1.6414,-1.2307
-1.8042,-1.1885
-1.6396,-1.225
-1.8032,-1.1819
-1.6397,-1.219
-1.8033,-1.1767
-1.6388,-1.2141
-1.8019,-1.1711
-1.6383,-1.2067
-1.8008,-1.1647
-1.6364,-1.2009
-1.7999,-1.1595
-1.6352,-1.1954
-1.7977,-1.1543
-1.6337,-1.1917
-1.7959,-1.1505
-1.6319,-1.1863
-1.7954,-1.1452
-1.6306,-1.1813
-1.7935,-1.1411
-1.6289,-1.1778
-1.7909,-1.1369
-1.6264,-1.1738
-1.7893,-1.1331
-1.6257,-1.1702
-1.789,-1.1292
-1.625,-1.1663
-1.7878,-1.126
-1.6244,-1.1637
-1.7881,-1.1241
-1.6238,-1.1615
-1.7868,-1.1207
-1.6228,-1.1597
-1.7849,-1.1192
-1.6207,-1.1577
-1.7839,-1.1162
-1.6186,-1.1546
-1.7821,-1.1133
-1.6175,-1.1508
-1.7797,-1.1093
-1.6157,-1.147
-1.7787,-1.1049
-1.6153,-1.1435
-1.7777,-1.1018
-1.6143,-1.1398
-1.7776,-1.0989
-1.6139,-1.137
-1.7771,-1.0956
-1.6125,-1.1347
-1.7755,-1.093
-1.6103,-1.1321
-1.7729,-1.0905
-1.6088,-1.1303
-1.7701,-1.0906
-1.6057,-1.1307
-1.7684,-1.0896
-1.6039,-1.1293
-1.7663,-1.0883
-1.6023,-1.1282
-1.7648,-1.0877
-1.5992,-1.1283
-1.762,-1.088
-1.5984,-1.1278
-1.7614,-1.089
-1.5965,-1.1286
-1.7588,-1.0889
-1.5945,-1.1283
-1.7583,-1.0901
-1.5938,-1.1305
-1.7569,-1.0915
-1.5917,-1.1308
-1.7557,-1.0911
-1.5912,-1.1315
-1.7552,-1.0924
-1.5916,-1.1317
-1.7554,-1.093
-1.5913,-1.1333
-1.7557,-1.0957
-1.5924,-1.1355
-1.7573,-1.0984
-1.5921,-1.1387
-1.7576,-1.1008
-1.5932,-1.1422
-1.7586,-1.1046
-1.5936,-1.1452
-1.7589,-1.1079
-1.5942,-1.1474
-1.7596,-1.1106
-1.594,-1.1518
-1.7596,-1.1142
-1.5942,-1.1556
-1.7601,-1.1195
-1.5942,-1.16
-1.7591,-1.1228
-1.5946,-1.1652
-1.7602,-1.1289
-1.5959,-1.1715
-1.7616,-1.1344
-1.5962,-1.1761
-1.7616,-1.1379
-1.5979,-1.1807
-1.7627,-1.1431
-1.5978,-1.1845
-1.7622,-1.1474
-1.5979,-1.1911
-1.7628,-1.1548
-1.5977,-1.1981
-1.762,-1.1601
-1.5973,-1.2029
-1.7623,-1.1666
-1.5976,-1.2103
-1.7618,-1.1727
-1.5963,-1.2166
-1.7613,-1.1787
-1.5968,-1.2219
-1.761,-1.184
-1.596,-1.2281
-1.7597,-1.1922
-1.5947,-1.2361
-1.7591,-1.1996
-1.5938,-1.2434
-1.7574,-1.2054
-1.5933,-1.2496
-1.7583,-1.217
-1.5936,-1.268
-1.7548,-1.2481
-1.5884,-1.3158
-1.7484,-1.3106
-1.5823,-1.3867
-1.7432,-1.3904
-1.5764,-1.4734
-1.7388,-1.4825
-1.5738,-1.5682
-1.7375,-1.5772
-1.5739,-1.6557
-1.7404,-1.6527
-1.5767,-1.7197
-1.743,-1.707
-1.5791,-1.7623
-1.7468,-1.74
-1.5846,-1.7841
-1.752,-1.7517
-1.5909,-1.7871
-1.7587,-1.7453
-1.5985,-1.7708
-1.7669,-1.7188
-1.6063,-1.7352
-1.7733,-1.6738
-1.6119,-1.6804
-1.7785,-1.6095
-1.6175,-1.6086
-1.7851,-1.5305
-1.6239,-1.5216
-1.7922,-1.4362
-1.6318,-1.4187
-1.7993,-1.325
-1.6375,-1.301
-1.8054,-1.2009
-1.6458,-1.1701
-1.8144,-1.0628
-1.653,-1.0253
-1.8212,-0.9143
-1.6632,-0.87874
-1.8329,-0.77053
-1.6754,-0.73596
-1.8445,-0.6234
-1.6857,-0.57921
-1.8557,-0.45579
-1.6958,-0.40338
-1.8643,-0.27198
-1.704,-0.21396
-1.873,-0.078006
-1.7119,-0.013803
-1.8807,0.12846
-1.7197,0.19989
-1.888,0.34679
-1.7265,0.42053
-1.8938,0.57223
-1.7303,0.65249
-1.8966,0.80838
-1.734,0.89114
-1.9013,1.0512
-1.7375,1.1374
-1.9035,1.2997
-1.7393,1.3887
-1.9051,1.554
-1.7411,1.6457
-1.9069,1.8122
-1.7419,1.9059
-1.9079,2.0748
-1.7434,2.1685
-1.9085,2.3378
-1.7431,2.4325
-1.9091,2.6031
-1.7437,2.6979
-1.9088,2.8673
-1.7417,2.9621
-1.9065,3.1313
-1.74,3.2256
-1.9044,3.3931
-1.7374,3.4846
-1.9013,3.651
-1.7342,3.741
-1.8985,3.9039
-1.7296,3.9911
-1.8944,4.1519
-1.7255,4.2376
-1.8884,4.3937
-1.7191,4.4764
-1.8823,4.6298
-1.7125,4.707
-1.8758,4.8562
-1.7063,4.9297
-1.8692,5.0732
-1.6997,5.1405
-1.8629,5.2793
-1.6929,5.3426
-1.8542,5.4755
-1.6825,5.5324
-1.8446,5.6587
-1.674,5.7069
-1.8358,5.8266
-1.6651,5.8684
-1.8264,5.9817
-1.6558,6.0163
-1.8174,6.1235
-1.6462,6.1501
-1.8073,6.2494
-1.6358,6.2681
-1.797,6.3583
-1.6249,6.3666
-1.7839,6.4451
-1.6099,6.4412
-1.7699,6.5094
-1.5952,6.4967
-1.7547,6.5555
-1.5807,6.533
-1.7402,6.5826
-1.5675,6.55
-1.7272,6.5877
-1.5531,6.5436
-1.7135,6.5709
-1.5399,6.5152
-1.6996,6.5306
-1.5264,6.4672
-1.6863,6.4774
-1.5179,6.4176
-1.6803,6.4373
-1.5139,6.388
-1.6776,6.4159
-1.5111,6.3754
-1.6783,6.4125
-1.5126,6.3822
-1.6795,6.4296
-1.5138,6.4073
-1.6804,6.4584
-1.5144,6.4363
-1.6824,6.4849
-1.5172,6.4607
-1.6855,6.5069
-1.5198,6.4821
-1.6884,6.5272
-1.5233,6.5009
-1.6914,6.5446
-1.5256,6.5187
-1.6927,6.5587
-1.5255,6.5308
-1.6915,6.571
-1.5267,6.542
-1.6953,6.5786
-1.5319,6.5465
-1.7009,6.5828
-1.5365,6.55
-1.7051,6.5837
-1.5393,6.5502
-1.7084,6.5818
-1.5442,6.5465
-1.7137,6.5768
-1.5508,6.539
-1.7197,6.5681
-1.5556,6.5277
-1.7266,6.5542
-1.5641,6.5144
-1.7318,6.5469
-1.5664,6.5175
-1.7334,6.5586
-1.5686,6.5328
-1.737,6.5739
-1.5697,6.5449
-1.7383,6.585
-1.5726,6.5559
-1.7409,6.5971
-1.5751,6.5675
-1.7438,6.6078
-1.5766,6.5782
-1.7454,6.6187
-1.5785,6.5894
-1.7462,6.6304
-1.5808,6.5998
-1.7504,6.6387
-1.5854,6.6079
-1.7533,6.6485
-1.5879,6.6174
-1.7566,6.6562
-1.591,6.6254
-1.7593,6.6656
-1.5932,6.6343
-1.7614,6.6727
-1.5962,6.6406
-1.7646,6.6804
-1.5983,6.6478
-1.7648,6.6879
-1.5993,6.6554
-1.7667,6.6942
-1.6013,6.6602
-1.7679,6.7001
-1.6022,6.6671
-1.7708,6.7055
-1.6053,6.671
-1.7721,6.7092
-1.6063,6.674
-1.7724,6.713
-1.6088,6.6779
-1.7748,6.7158
-1.6087,6.6819
-1.7753,6.7193
-1.6096,6.6842
-1.7759,6.7208
-1.6109,6.687
-1.7768,6.7218
-1.6111,6.6877
-1.7769,6.7226
-1.6107,6.6872
-1.777,6.7213
-1.6113,6.6864
-1.7775,6.721
-1.6109,6.6866
-1.7758,6.7203
-1.6116,6.6852
-1.7778,6.7179
-1.613,6.6828
-1.7785,6.7166
-1.6116,6.6826
-1.7774,6.7163
-1.6105,6.6799
-1.7747,6.7143
-1.6066,6.678
-1.7709,6.7117
-1.6034,6.6741
-1.7677,6.7062
-1.5994,6.6678
-1.7637,6.7024
-1.5981,6.6661
-1.7649,6.7035
-1.5995,6.6683
-1.7666,6.7051
-1.5998,6.6694
-1.7667,6.7056
-1.6002,6.6686
-1.766,6.7052
-1.5999,6.6677
-1.7667,6.7033
-1.5995,6.6653
-1.7656,6.7
-1.5997,6.6623
-1.766,6.697
-1.5998,6.6596
-1.7644,6.6934
-1.5982,6.6549
-1.7635,6.6874
-1.5975,6.6488
-1.7635,6.6816
-1.5983,6.6429
-1.7648,6.677
-1.599,6.6384
-1.7648,6.6719
-1.5993,6.6333
-1.765,6.6664
-1.5982,6.6281
-1.7633,6.6612
-1.5972,6.6232
-1.7623,6.6572
-1.5944,6.6177
-1.7599,6.6511
-1.5919,6.6131
-1.7573,6.6453
-1.5905,6.6087
-1.7571,6.6411
-1.5914,6.6035
-1.7572,6.6356
-1.5909,6.5986
-1.756,6.6309
-1.5898,6.5945
-1.7551,6.6256
-1.5896,6.5906
-1.7547,6.6236
-1.5885,6.5884
-1.7546,6.621
-1.5886,6.5869
-1.754,6.6197
-1.5872,6.5848
-1.7533,6.618
-1.5869,6.583
-1.7524,6.6175
-1.586,6.5841
-1.7522,6.6184
-1.587,6.5844
-1.7535,6.6193
-1.5865,6.5851
-1.7536,6.6201
-1.5864,6.5852
-1.7533,6.6198
-1.5864,6.5843
-1.7521,6.6196
-1.5864,6.5849
-1.7535,6.6215
-1.5869,6.5864
-1.7536,6.6229
-1.586,6.5897
-1.7524,6.6276
-1.5855,6.595
-1.7511,6.6325
-1.5849,6.5978
-1.75,6.6358
-1.5838,6.6018
-1.7499,6.6403
-1.5832,6.6063
-1.7492,6.6456
-1.5836,6.6127
-1.7494,6.6517
-1.5824,6.6171
-1.7484,6.6556
-1.5829,6.622
-1.7499,6.6605
-1.5841,6.6268
-1.7496,6.6658
-1.5838,6.6303
-1.7494,6.6685
-1.5832,6.6337
-1.7485,6.6718
-1.583,6.6369
-1.7492,6.6752
-1.5831,6.6402
-1.7483,6.6784
-1.583,6.6431
-1.7494,6.6816
-1.5845,6.6469
-1.7505,6.6847
-1.5857,6.6485
-1.7511,6.6856
-1.5866,6.6519
-1.7528,6.6895
-1.5883,6.6553
-1.7537,6.693
-1.5888,6.6583
-1.7543,6.694
-1.5892,6.6601
-1.7545,6.6953
-1.5891,6.6618
-1.7532,6.6984
-1.588,6.6643
-1.7522,6.7007
-1.5854,6.6673
-1.751,6.7016
-1.5834,6.6675
-1.7501,6.7016
-1.5842,6.6667
-1.7505,6.7011
-1.5851,6.6664
-1.751,6.7015
-1.5844,6.6669
-1.7504,6.7022
-1.5833,6.6681
-1.7473,6.7034
-1.5802,6.6672
-1.7447,6.7017
-1.5769,6.6656
-1.7428,6.6993
-1.5747,6.6633
-1.7407,6.6973
-1.5733,6.6606
-1.7386,6.6963
-1.571,6.659
-1.7377,6.694
-1.5704,6.6569
-1.736,6.6919
-1.5697,6.6536
-1.7357,6.6878
-1.5697,6.6497
-1.7355,6.6856
-1.5705,6.6487
-1.737,6.6835
-1.5715,6.6465
-1.7368,6.6826
-1.57,6.6456
-1.7347,6.6807
-1.5686,6.6429
-1.7344,6.6777
-1.5674,6.64
-1.7339,6.674
-1.5667,6.6367
-1.7328,6.6711
-1.5667,6.6323
-1.7333,6.6672
-1.567,6.6303
-1.7334,6.6647
-1.5681,6.627
-1.7341,6.6621
-1.5687,6.6251
-1.7356,6.6597
-1.5692,6.6222
-1.7352,6.6573
-1.5689,6.6205
-1.7341,6.6557
-1.5682,6.621
-1.7327,6.6552
-1.567,6.6199
-1.7336,6.6543
-1.5674,6.6188
-1.7337,6.6514
-1.5683,6.6163
-1.734,6.6511
-1.5692,6.6167
-1.7352,6.6522
-1.5685,6.617
-1.7349,6.6517
-1.5684,6.6166
-1.7341,6.6519
-1.5681,6.6174
-1.7338,6.6525
-1.5681,6.619
-1.735,6.655
-1.5687,6.6221
-1.7357,6.6592
-1.5694,6.6266
-1.7345,6.6632
-1.5673,6.6302
-1.7339,6.6679
-1.5686,6.6347
-1.7365,6.6708
-1.5696,6.6378
-1.7361,6.6748
-1.571,6.6409
-1.7367,6.6795
-1.5716,6.6459
-1.7373,6.6847
-1.5709,6.6522
-1.7371,6.6904
-1.5721,6.6563
-1.7379,6.6946
-1.572,6.661
-1.7377,6.6997
-1.5711,6.6667
-1.7362,6.7044
-1.5689,6.6714
-1.7346,6.7089
-1.5688,6.6757
-1.7343,6.7136
-1.5697,6.6796
-1.7358,6.7176
-1.5704,6.6835
-1.7363,6.7216
-1.5695,6.6876
-1.7366,6.7247
-1.5706,6.6906
-1.7365,6.7275
-1.5702,6.692
-1.7349,6.7284
-1.5679,6.6938
-1.7326,6.732
-1.5679,6.6964
-1.7321,6.733
-1.5667,6.6955
-1.7302,6.7317
-1.5659,6.6955
-1.7286,6.732
-1.5635,6.6975
-1.7274,6.7346
-1.5617,6.6998
-1.7252,6.7356
-1.5588,6.7008
-1.7216,6.7359
-1.556,6.7003
-1.7198,6.7341
-1.555,6.698
-1.7196,6.7331
-1.553,6.6989
-1.7181,6.7339
-1.5529,6.698
-1.7166,6.7342
-1.5519,6.6982
-1.7159,6.7325
-1.5497,6.697
-1.7135,6.7301
-1.5491,6.6948
-1.7132,6.7298
-1.5473,6.6957
-1.711,6.7284
-1.5455,6.6935
-1.7103,6.7274
-1.5451,6.6927
-1.7102,6.7248
-1.5451,6.6884
-1.7093,6.7227
-1.5439,6.6859
-1.7095,6.7211
-1.5438,6.6847
-1.7077,6.721
-1.542,6.6849
-1.706,6.7203
-1.5402,6.6826
-1.7038,6.7179
-1.537,6.6803
-1.7013,6.7153
-1.5354,6.6778
-1.6999,6.711
-1.5337,6.6729
-1.6979,6.7075
-1.5319,6.6688
-1.6963,6.7022
-1.5297,6.6651
-1.6937,6.6987
-1.5277,6.6598
-1.6923,6.6931
-1.5249,6.6546
-1.6889,6.687
-1.5228,6.6484
-1.6855,6.682
-1.5197,6.6431
-1.6832,6.6758
-1.5157,6.6374
-1.6785,6.6702
-1.5116,6.6308
-1.6755,6.6636
-1.5095,6.6247
-1.6728,6.6565
-1.5082,6.6184
-1.6723,6.6498
-1.5065,6.6108
-1.6704,6.6434
-1.5047,6.6052
-1.6679,6.6362
-1.5037,6.598
-1.6659,6.6297
-1.5006,6.5906
-1.6651,6.6218
-1.5009,6.584
-1.6654,6.6151
-1.5009,6.5777
-1.6643,6.6097
-1.5001,6.5726
-1.6631,6.6047
-1.4982,6.5678
-1.6624,6.5991
-1.4966,6.5626
-1.6604,6.595
-1.4957,6.5599
-1.6601,6.5922
-1.4954,6.5559
-1.6581,6.5888
-1.4927,6.5536
-1.657,6.5857
-1.4925,6.5493
-1.6543,6.5833
-1.4889,6.5463
-1.6523,6.58
-1.4879,6.5446
-1.6509,6.5781
-1.4857,6.5414
-1.6493,6.5773
-1.4846,6.5415
-1.6476,6.5776
-1.4833,6.5426
-1.6482,6.5778
-1.4836,6.5424
-1.6478,6.5777
-1.4831,6.5426
-1.6468,6.5774
-1.4819,6.5421
-1.6453,6.5775
-1.4804,6.542
-1.6446,6.5773
-1.481,6.5413
-1.6464,6.5773
-1.482,6.542
-1.646,6.5774
-1.4812,6.5427
-1.6453,6.5788
-1.4799,6.5439
-1.6433,6.5798
-1.4783,6.5433
-1.6412,6.5792
-1.477,6.5425
-1.6403,6.5779
-1.4759,6.541
-1.6388,6.5756
-1.4757,6.5396
-1.6387,6.5742
-1.474,6.5366
-1.6371,6.5711
-1.474,6.5336
-1.6377,6.5679
-1.4754,6.5319
-1.6395,6.5658
-1.477,6.5301
-1.6397,6.5652
-1.4763,6.5288
-1.6397,6.5616
-1.4756,6.5255
-1.6379,6.5601
-1.4742,6.5232
-1.6354,6.5563
-1.4718,6.5219
-1.6355,6.5558
-1.4732,6.5211
-1.6363,6.5545
-1.4732,6.519
-1.636,6.5526
-1.4737,6.5182
-1.6358,6.5517
-1.472,6.517
-1.6339,6.5503
-1.47,6.5163
-1.6325,6.5499
-1.4702,6.5157
-1.6321,6.5507
-1.4687,6.5149
-1.6314,6.5488
-1.4678,6.5123
-1.6289,6.5466
-1.4646,6.5111
-1.6265,6.5472
-1.4623,6.5118
-1.6245,6.5483
-1.4605,6.513
-1.6226,6.5486
-1.4588,6.513
-1.6213,6.5482
-1.4572,6.5131
-1.6198,6.5495
-1.4546,6.5151
-1.6167,6.5509
-1.4522,6.5157
-1.6143,6.5514
-1.4486,6.5173
-1.6116,6.5525
-1.4467,6.5176
-1.6098,6.553
-1.446,6.5182
-1.608,6.554
-1.443,6.519
-1.6059,6.554
-1.4434,6.5187
-1.608,6.5542
-1.4436,6.5193
-1.6069,6.5548
-1.445,6.5214
-1.6106,6.5611
-1.4569,6.5337
-1.6399,6.5856
-1.4989,6.5694
-1.7022,6.613
-1.5683,6.6098
-1.7816,6.6825
-1.6493,6.6812
-1.8692,6.7669
-1.7424,6.7695
-1.9596,6.8556
-1.819,6.8547
-2.0261,6.9349
-1.8755,6.9229
-2.0699,6.9907
-1.9096,6.9692
-2.0927,7.0267
-1.922,6.9962
-2.0964,7.0441
-1.9177,7.004
-2.0817,7.0415
-1.8938,6.9927
-2.0479,7.0212
-1.8521,6.9638
-1.9976,6.9823
-1.7936,6.917
-1.9304,6.9276
-1.7194,6.8543
-1.8475,6.8558
-1.6283,6.7755
-1.7479,6.7685
-1.5229,6.6801
-1.6352,6.6657
-1.4026,6.5696
-1.5063,6.5472
-1.2684,6.4441
-1.3649,6.414
-1.1206,6.3054
-1.2111,6.2693
-0.96253,6.1542
-1.0474,6.1115
-0.79351,5.9911
-0.87317,5.9419
-0.60981,5.818
-0.6838,5.7624
-0.41607,5.6315
-0.48388,5.5707
-0.21126,5.4332
-0.27616,5.3675
-0.0057313,5.2274
-0.078787,5.1598
0.18593,5.0193
0.10424,4.9522
0.36887,4.8105
0.29321,4.7401
0.56559,4.5928
0.49926,4.517
0.77746,4.3642
0.71565,4.284
0.99759,4.1278
0.94076,4.0436
1.2246,3.8835
1.171,3.7966
1.4583,3.6339
1.4082,3.5439
1.6992,3.3782
1.6517,3.2866
1.9446,3.1195
1.8992,3.0259
2.1927,2.8565
2.1485,2.7617
2.4416,2.5917
2.3995,2.4971
2.6934,2.3257
2.653,2.2311
2.9465,2.0608
2.9043,1.9654
3.1982,1.7959
3.1565,1.7029
3.4496,1.5357
3.4067,1.4442
3.6985,1.278
3.6542,1.1895
3.9437,1.0277
3.8966,0.941
4.1828,0.78177
4.1338,0.7005
4.4176,0.5468
4.367,0.46889
4.647,0.31803
4.5924,0.24513
4.8689,0.099966
4.8112,0.033182
5.0819,-0.10682
5.0183,-0.16807
5.2854,-0.3034
5.2169,-0.35898
5.4772,-0.488
5.4031,-0.53763
5.6582,-0.65947
5.5786,-0.70014
5.8264,-0.81434
5.7401,-0.84753
5.9819,-0.95422
5.8878,-0.97924
6.1208,-1.0762
6.0176,-1.0935
6.2438,-1.1811
6.1312,-1.1886
6.3432,-1.2652
6.2158,-1.2616
6.4163,-1.3291
6.2804,-1.3152
6.4746,-1.3717
6.3314,-1.349
6.5168,-1.3959
6.3656,-1.3617
6.5422,-1.3975
6.3788,-1.3521
6.5427,-1.3775
6.3687,-1.3217
6.5249,-1.3393
6.3478,-1.2785
6.5123,-1.2973
6.341,-1.2416
6.5224,-1.2474
6.3569,-1.1955
6.5494,-1.2302
6.3883,-1.1826
6.5913,-1.2342
6.4433,-1.1958
6.6539,-1.2573
6.5029,-1.2237
6.7138,-1.2885
6.5623,-1.2537
6.7694,-1.315
6.6163,-1.28
6.8213,-1.34
6.667,-1.3036
6.8715,-1.3631
6.7156,-1.327
6.9186,-1.3845
6.762,-1.3474
6.9613,-1.4038
6.8043,-1.3655
7.0025,-1.4194
6.8436,-1.3814
7.0408,-1.4335
6.8818,-1.3943
7.0752,-1.4432
6.9145,-1.4031
7.1069,-1.4502
6.9447,-1.4089
7.1333,-1.4545
6.9697,-1.4123
7.1554,-1.4561
6.9898,-1.4131
7.1741,-1.4549
7.0067,-1.411
7.1874,-1.4516
7.0181,-1.4072
7.1963,-1.4468
7.0252,-1.401
7.2001,-1.4376
7.0225,-1.3931
7.1938,-1.4277
7.0124,-1.3798
7.1799,-1.4133
6.9936,-1.3641
7.1588,-1.3959
6.9747,-1.3475
7.1488,-1.381
6.9736,-1.3361
7.1598,-1.3758
6.9879,-1.3356
7.1742,-1.377
7.0026,-1.3362
7.1862,-1.3767
7.0125,-1.3351
7.1948,-1.3751
7.0205,-1.3342
7.2029,-1.3739
7.0304,-1.3323
7.2126,-1.3722
7.0394,-1.3326
7.2211,-1.3715
7.0471,-1.3315
7.229,-1.3713
7.0554,-1.3313
7.2373,-1.371
7.0639,-1.3301
7.2449,-1.3695
7.0727,-1.3274
7.2536,-1.3667
7.0807,-1.3243
7.2587,-1.3644
7.0854,-1.3208
7.265,-1.3589
7.0916,-1.3163
7.2707,-1.3549
7.0976,-1.3119
7.2774,-1.349
7.1029,-1.3053
7.2826,-1.3415
7.1077,-1.2983
7.286,-1.3346
7.1117,-1.2904
7.2891,-1.3274
7.1141,-1.285
7.2928,-1.3202
7.1175,-1.2759
7.2961,-1.3107
7.1207,-1.2666
7.2973,-1.3016
7.1215,-1.2569
7.2984,-1.2928
7.1213,-1.2482
7.2975,-1.2827
7.1208,-1.2383
7.2969,-1.2725
7.1196,-1.2284
7.2942,-1.2636
7.1163,-1.2183
7.2908,-1.2529
7.1118,-1.2069
7.286,-1.2421
7.1064,-1.1986
7.2795,-1.2334
7.0981,-1.1892
7.2705,-1.2247
7.0935,-1.182
7.2753,-1.2184
7.1021,-1.176
7.2838,-1.2135
7.1074,-1.1736
7.2866,-1.2098
7.1084,-1.1689
7.2849,-1.2074
7.1057,-1.1669
7.2808,-1.2057
7.1011,-1.1652
7.2793,-1.2044
7.0997,-1.1642
7.2767,-1.2036
7.0967,-1.1648
7.2735,-1.2057
7.0938,-1.1672
7.2706,-1.2084
7.091,-1.1695
7.2671,-1.2107
7.0882,-1.172
7.2639,-1.2129
7.0849,-1.1734
7.2611,-1.2148
7.0823,-1.1755
7.2569,-1.2177
7.0783,-1.1789
7.2532,-1.2214
7.0747,-1.1825
7.2508,-1.2256
7.0721,-1.1862
7.2489,-1.2285
7.0695,-1.1899
7.2455,-1.2324
7.0674,-1.1937
7.2433,-1.2359
7.0641,-1.1976
7.2415,-1.2386
7.062,-1.2002
7.2371,-1.2418
7.0583,-1.2036
7.2352,-1.2448
7.0552,-1.2066
7.2323,-1.2477
7.0536,-1.2075
7.2309,-1.2494
7.0536,-1.2101
7.2332,-1.2533
7.0599,-1.2162
7.2407,-1.2601
7.065,-1.221
7.2445,-1.2629
7.0662,-1.2227
7.244,-1.2643
7.0659,-1.2251
7.2416,-1.2665
7.0633,-1.2265
7.2392,-1.2686
7.0603,-1.2269
7.2359,-1.2683
7.056,-1.2256
7.2315,-1.2657
7.0514,-1.2241
7.2262,-1.2637
7.0459,-1.2215
7.2226,-1.2603
7.0421,-1.2169
7.2168,-1.2564
7.0346,-1.2144
7.2093,-1.2534
7.0259,-1.2106
7.2008,-1.2494
7.0188,-1.2069
7.1935,-1.2466
7.0114,-1.2038
7.1851,-1.2421
7.0026,-1.2003
7.1759,-1.239
6.9923,-1.1967
7.1651,-1.2345
6.9812,-1.1914
7.1539,-1.2296
6.9696,-1.1871
7.1421,-1.2256
6.9577,-1.1833
7.1295,-1.2224
6.9459,-1.1775
7.1174,-1.2165
6.9333,-1.1729
7.1051,-1.2114
6.921,-1.1675
7.0915,-1.2066
6.9079,-1.1639
7.0791,-1.2024
6.8947,-1.1594
7.0657,-1.1976
6.8831,-1.1545
7.0549,-1.1929
6.8716,-1.1494
7.0435,-1.1865
6.8595,-1.1445
7.0315,-1.1826
6.8486,-1.1396
7.0212,-1.1773
6.8383,-1.1348
7.0105,-1.1725
6.8282,-1.1283
7.0016,-1.1649
6.8192,-1.122
6.9921,-1.1588
6.8096,-1.1155
6.983,-1.1523
6.8015,-1.1077
6.9747,-1.1448
6.7924,-1.101
6.9658,-1.14
6.7838,-1.0954
6.9574,-1.1328
6.7765,-1.0888
6.9501,-1.127
6.7703,-1.0831
6.9445,-1.1223
6.7625,-1.0782
6.9368,-1.1176
6.7561,-1.0742
6.9305,-1.1138
6.7492,-1.0707
6.9245,-1.1103
6.7433,-1.0662
6.9193,-1.1047
6.7396,-1.0604
6.9164,-1.0998
6.7354,-1.0564
6.912,-1.0963
6.7319,-1.0532
6.9092,-1.0931
6.7294,-1.0495
6.9052,-1.0899
6.7247,-1.047
6.9014,-1.088
6.7217,-1.0467
6.8974,-1.0887
6.7183,-1.047
6.8952,-1.0888
6.7157,-1.0466
6.892,-1.0898
6.714,-1.0471
6.891,-1.09
6.7137,-1.0479
6.8897,-1.0914
6.7126,-1.0497
6.8883,-1.0949
6.712,-1.0527
6.888,-1.0972
6.7123,-1.0559
6.8891,-1.1007
6.7138,-1.0594
6.8912,-1.1041
6.7159,-1.0631
6.8938,-1.1082
6.7204,-1.0677
6.899,-1.112
6.7237,-1.0728
6.9026,-1.1182
6.7284,-1.079
6.9086,-1.1247
6.7357,-1.0851
6.9145,-1.1307
6.7398,-1.0895
6.9128,-1.1326
6.736,-1.0902
6.9111,-1.1336
6.7344,-1.0922
6.9108,-1.1362
6.7353,-1.0943
6.9117,-1.1376
6.7376,-1.0958
6.9152,-1.1386
6.7411,-1.0962
6.918,-1.1405
6.7447,-1.0979
6.922,-1.1422
6.7474,-1.1004
6.9243,-1.1447
6.7507,-1.1029
6.9276,-1.1469
6.7527,-1.105
6.9301,-1.149
6.7556,-1.1078
6.9338,-1.1516
6.7593,-1.1091
6.9391,-1.1525
6.7643,-1.1115
6.9428,-1.1549
6.7676,-1.1132
6.9445,-1.157
6.7697,-1.1158
6.9468,-1.1596
6.771,-1.1196
6.9485,-1.1637
6.7727,-1.1236
6.9504,-1.1677
6.7742,-1.1276
6.9531,-1.1709
6.7763,-1.1304
6.7843,-1.1339
6.6225,-1.0958
6.6451,-1.1035
6.6658,-1.1103
6.6879,-1.118
6.5389,-1.0845
6.7418,-1.1361
6.5941,-1.1013
6.7954,-1.1522
6.646,-1.1175
6.8474,-1.1675
6.6975,-1.1315
6.8968,-1.1803
6.7453,-1.1443
6.9451,-1.1924
6.7928,-1.1572
6.9915,-1.2035
6.839,-1.1671
7.0361,-1.2128
6.8818,-1.1758
7.0784,-1.2215
6.9244,-1.1842
7.1203,-1.2291
6.9638,-1.1913
7.1592,-1.236
7.0025,-1.198
7.1972,-1.2419
7.039,-1.2026
7.2328,-1.2466
7.0747,-1.2066
7.2678,-1.2497
7.1087,-1.2082
7.3006,-1.2512
7.3104,-1.2494
7.32,-1.2487
7.3286,-1.2468
7.504,-1.2858
7.3288,-1.2404
7.5053,-1.28
7.4966,-1.2734
7.4877,-1.2698
7.4785,-1.2628
7.4707,-1.2575
7.4612,-1.2525
7.6207,-1.2886
7.4286,-1.2392
7.5873,-1.2762
7.3952,-1.2264
7.5555,-1.2614
7.3626,-1.212
7.5223,-1.2484
7.3285,-1.2004
7.4881,-1.2362
7.2949,-1.1876
7.4546,-1.2257
7.2607,-1.1781
7.4195,-1.215
7.2274,-1.1665
7.3866,-1.2026
7.1931,-1.1557
7.3523,-1.1939
7.158,-1.1461
7.3167,-1.1846
7.1219,-1.1383
7.28,-1.1768
7.0868,-1.1308
7.2454,-1.169
7.0526,-1.1226
7.2093,-1.162
7.016,-1.1163
7.173,-1.1557
6.9802,-1.1093
7.1359,-1.1491
6.9432,-1.1025
7.099,-1.1433
6.9066,-1.0979
6.8956,-1.0988
6.7173,-1.0569
6.721,-1.0615
6.5563,-1.0234
6.5735,-1.0311
6.422,-0.9966
6.4522,-1.0059
6.3146,-0.97408
6.3579,-0.98603
6.2325,-0.95635
6.2881,-0.97167
6.1746,-0.94538
6.2422,-0.96272
6.1411,-0.93741
6.2201,-0.9578
6.1304,-0.93333
6.22,-0.95391
6.139,-0.93332
6.4036,-0.99657
6.3191,-0.97379
6.5802,-1.0353
6.6566,-1.0512
6.7339,-1.0692
6.8065,-1.0835
6.8789,-1.1003
6.9489,-1.1138
7.0168,-1.1311
7.0821,-1.1453
7.1459,-1.1604
7.0399,-1.1332
7.2796,-1.1922
7.1684,-1.1644
7.4053,-1.2203
7.456,-1.2322
7.507,-1.2448
7.3879,-1.2161
7.6151,-1.2722
7.4911,-1.2421
7.7139,-1.2962
7.5855,-1.2634
7.8051,-1.3161
7.6711,-1.2842
7.8863,-1.3369
7.916,-1.3444
7.9455,-1.352
8.1545,-1.402
8.1936,-1.4123
8.413,-1.4657
8.4484,-1.474
8.4834,-1.4823
8.698,-1.5339
8.5628,-1.4996
8.7756,-1.5493
8.6372,-1.5145
8.8475,-1.5632
8.8745,-1.5676
8.8978,-1.5761
8.9224,-1.5796
8.9438,-1.5857
8.966,-1.5884
8.9847,-1.5926
9.004,-1.5957
9.02,-1.5991
9.0365,-1.6014
9.219,-1.6431
9.051,-1.6024
9.2301,-1.643
9.2279,-1.6399
9.2234,-1.6383
9.2186,-1.6341
9.2112,-1.632
9.2046,-1.627
9.1955,-1.624
9.1856,-1.6198
9.175,-1.6167
9.163,-1.6123
9.1511,-1.6096
9.137,-1.605
8.9387,-1.5577
9.0888,-1.5916
8.8892,-1.5421
8.8559,-1.5321
8.9887,-1.5619
8.7714,-1.5074
8.7204,-1.4934
8.6695,-1.4795
8.6154,-1.4656
8.5621,-1.452
8.5049,-1.4357
8.2676,-1.3767
8.2099,-1.3608
8.1494,-1.3453
8.0893,-1.3303
8.0232,-1.3155
8.1248,-1.3411
7.8773,-1.2813
7.9759,-1.3057
7.8903,-1.2869
7.8074,-1.267
7.5543,-1.2053
7.6488,-1.226
7.3965,-1.1632
7.3443,-1.1425
7.2618,-1.1265
7.2347,-1.1051
7.1436,-1.0878
7.1395,-1.0671
7.0389,-1.0497
7.1053,-1.0707
6.94,-1.005
6.9948,-1.0262
6.846,-0.95881
6.8936,-0.93424
6.7502,-0.91528
6.7742,-0.9336
6.6379,-0.87606
6.6443,-0.89409
6.5146,-0.82656
6.5484,-0.80341
6.3514,-0.78192
6.3643,-0.75797
6.3305,-0.77822
6.3409,-0.75668
6.306,-0.77801
6.3177,-0.75657
6.2812,-0.78249
6.2924,-0.76551
6.2634,-0.79366
6.2739,-0.78
6.2653,-0.80923
6.2753,-0.79936
6.2939,-0.83161
6.3016,-0.82614
6.3086,-0.82405
6.3561,-0.86347
6.3608,-0.86545
6.4348,-0.90948
6.4348,-0.91747
6.5335,-0.96485
6.3503,-0.93252
6.4525,-0.98077
6.2487,-0.94895
6.1702,-0.95547
6.1118,-0.96338
6.0209,-0.97015
5.9427,-0.97953
5.8278,-0.98857
5.7313,-0.99753
5.5974,-1.0061
5.4836,-1.0155
5.5143,-1.0665
5.2193,-1.0367
5.2364,-1.0894
4.9251,-1.0611
4.7469,-1.0706
4.5882,-1.0812
4.5772,-1.1341
4.2395,-1.105
4.2163,-1.1577
3.8668,-1.1293
3.8326,-1.1831
3.4712,-1.1562
3.428,-1.2095
3.0571,-1.1822
2.8226,-1.1934
2.6097,-1.2048
2.3677,-1.2167
2.148,-1.2289
1.8999,-1.241
1.4913,-1.2109
1.4037,-1.2613
0.98971,-1.232
0.89865,-1.2824
0.47869,-1.2541
0.24003,-1.2653
-0.026768,-1.2802
-0.44607,-1.2496
-0.54593,-1.2984
-0.96163,-1.2696
-1.0641,-1.3198
-1.4868,-1.2894
-1.5899,-1.3393
-2.0134,-1.3086
-2.1156,-1.3588
-2.5365,-1.3292
-2.8189,-1.3403
-3.0709,-1.3453
-3.3495,-1.3557
-3.6402,-1.3638
-3.8998,-1.3653
-4.3246,-1.3319
-4.4284,-1.3769
-4.8481,-1.3447
-4.9456,-1.3904
-5.3574,-1.3557
-5.4484,-1.4002
-5.8521,-1.3662
-6.0741,-1.3682
-6.3168,-1.3775
-6.5299,-1.3795
-6.7627,-1.388
-6.966,-1.3916
-7.1875,-1.3998
-7.4159,-1.4032
-7.6159,-1.402
-7.9715,-1.3656
-8.0055,-1.4069
-8.346,-1.3684
-8.3603,-1.4092
-8.6884,-1.3707
-8.6873,-1.4091
-8.8277,-1.4101
-8.9734,-1.4123
-9.0974,-1.4113
-9.2261,-1.4132
-9.5055,-1.3731
-9.4562,-1.4092
-9.7163,-1.369
-9.8207,-1.3652
-9.9044,-1.3591
-9.8168,-1.3937
-10.039,-1.3536
-9.9351,-1.3882
-9.9852,-1.3878
-10.017,-1.3851
-10.076,-1.3865
-10.088,-1.3829
-10.16,-1.3838
-10.154,-1.3801
-10.292,-1.3369
-10.221,-1.3744
-10.345,-1.3308
-10.289,-1.3715
-10.405,-1.3774
-10.357,-1.3733
-10.308,-1.3667
-10.428,-1.3583
-10.367,-1.3512
-10.351,-1.3889
-10.486,-1.3898
-10.416,-1.3828
-10.388,-1.4187
-10.464,-1.3731
-10.571,-1.3741
-10.474,-1.3679
-10.569,-1.3704
-10.458,-1.3626
-10.54,-1.3635
-10.569,-1.323
-10.477,-1.3617
-10.515,-1.3238
-10.41,-1.3627
-10.465,-1.3244
-10.351,-1.3618
-10.236,-1.3991
-10.316,-1.3633
-10.193,-1.4003
-10.297,-1.3677
-10.168,-1.4039
-10.295,-1.3705
-10.31,-1.3746
-10.297,-1.3781
-10.162,-1.4165
-10.329,-1.3838
-10.192,-1.4216
-10.367,-1.3903
-10.23,-1.4271
-10.401,-1.3921
-10.264,-1.4286
-10.433,-1.3944
-10.295,-1.4312
-10.464,-1.3967
-10.326,-1.4326
-10.496,-1.3974
-10.357,-1.434
-10.527,-1.3993
-10.387,-1.4355
-10.557,-1.3995
-10.417,-1.4347
-10.586,-1.398
-10.444,-1.433
-10.612,-1.3966
-10.47,-1.4316
-10.637,-1.395
-10.497,-1.4314
-10.665,-1.3946
-10.522,-1.4302
-10.688,-1.3915
-10.543,-1.4265
-10.71,-1.3876
-10.565,-1.4224
-10.729,-1.3839
-10.583,-1.4176
-10.746,-1.3775
-10.6,-1.4112
-10.603,-1.41
-10.603,-1.4069
-10.611,-1.4071
-10.61,-1.4035
-10.474,-1.4378
-10.634,-1.3959
-10.492,-1.4313
-10.651,-1.3895
-10.508,-1.4241
-10.666,-1.3798
-10.523,-1.4133
-10.681,-1.3703
-10.536,-1.404
-10.694,-1.3613
-10.701,-1.3526
-10.718,-1.348
-10.572,-1.382
-10.727,-1.3376
-10.581,-1.3709
-10.736,-1.3258
-10.588,-1.3593
-10.743,-1.3139
-10.595,-1.3461
-10.596,-1.3438
-10.587,-1.3373
-10.587,-1.3362
-10.578,-1.3292
-10.576,-1.3277
-10.565,-1.3211
-10.715,-1.2758
-10.563,-1.3093
-10.561,-1.306
-10.551,-1.2992
-10.547,-1.2986
-10.543,-1.2925
-10.539,-1.2908
-10.535,-1.2868
-10.531,-1.2855
-10.523,-1.2813
-10.517,-1.2796
-10.509,-1.2759
-10.503,-1.2737
-10.495,-1.2701
-10.491,-1.267
-10.482,-1.2647
-10.475,-1.2618
-10.466,-1.2592
-10.46,-1.2575
-10.45,-1.2561
-10.294,-1.2917
-10.445,-1.2511
-10.287,-1.286
-10.438,-1.2458
-10.279,-1.2814
-10.429,-1.2419
-10.271,-1.2785
-10.42,-1.2398
-10.261,-1.2761
-10.259,-1.2747
-10.262,-1.2715
-10.26,-1.2706
-10.271,-1.2672
-10.284,-1.2633
-10.443,-1.2239
-10.452,-1.2204
-10.464,-1.2173
-10.473,-1.2143
-10.645,-1.1723
-10.506,-1.2049
-10.517,-1.2024
-10.525,-1.2
-10.536,-1.1978
-10.544,-1.1962
-10.554,-1.1945
-10.402,-1.2302
-10.559,-1.1941
-10.406,-1.2301
-10.413,-1.2297
-10.423,-1.23
-10.578,-1.1953
-10.583,-1.1958
-10.589,-1.1951
-10.593,-1.1961
-10.598,-1.1932
-10.601,-1.1947
-10.606,-1.193
-10.448,-1.2304
-10.6,-1.1956
-10.603,-1.1966
-10.606,-1.1947
-10.609,-1.1961
-10.611,-1.1939
-10.613,-1.196
-10.613,-1.1953
-10.615,-1.1966
-10.615,-1.1961
-10.617,-1.1986
-10.617,-1.1988
-10.618,-1.2023
-10.617,-1.2032
-10.617,-1.2061
-10.616,-1.2068
-10.616,-1.21
-10.614,-1.2118
-10.614,-1.2167
-10.61,-1.2196
-10.61,-1.2235
-10.606,-1.2269
-10.604,-1.2319
-10.599,-1.2349
-10.594,-1.2382
-10.589,-1.2405
-10.585,-1.2447
-10.578,-1.2478
-10.575,-1.252
-10.566,-1.2556
-10.562,-1.2602
-10.554,-1.2625
-10.549,-1.2668
-10.54,-1.271
-10.533,-1.2752
-10.524,-1.279
-10.516,-1.2831
-10.507,-1.2872
-10.498,-1.292
-10.649,-1.2575
-10.492,-1.2978
-10.642,-1.264
-10.483,-1.3024
-10.634,-1.2684
-10.475,-1.3089
-10.625,-1.2747
-10.466,-1.3142
-10.617,-1.2807
-10.456,-1.3196
-10.456,-1.3209
-10.457,-1.322
-10.606,-1.2891
-10.445,-1.3291
-10.594,-1.2953
-10.432,-1.3354
-10.581,-1.3014
-10.419,-1.3419
-10.567,-1.3089
-10.405,-1.3497
-10.552,-1.3153
-10.389,-1.3551
-10.535,-1.3216
-10.373,-1.3613
-10.52,-1.3272
-10.357,-1.3671
-10.504,-1.3322
-10.339,-1.3742
-10.485,-1.3399
-10.321,-1.3793
-10.319,-1.3806
-10.315,-1.3816
-10.312,-1.383
-10.16,-1.4193
-10.317,-1.3815
-10.164,-1.4186
-10.172,-1.4169
-10.179,-1.4147
-10.186,-1.4133
-10.191,-1.4119
-10.198,-1.4096
-10.201,-1.4088
-10.206,-1.4075
-10.209,-1.406
-10.213,-1.4049
-10.378,-1.3634
-10.232,-1.3997
-10.395,-1.3589
-10.248,-1.3948
-10.411,-1.3541
-10.263,-1.3907
-10.277,-1.3866
-10.289,-1.3824
-10.302,-1.3793
-10.476,-1.3357
-10.486,-1.3326
-10.497,-1.3297
-10.669,-1.2865
-10.53,-1.3201
-10.391,-1.3536
-10.562,-1.3109
-10.421,-1.3437
-10.592,-1.3013
-10.451,-1.3347
-10.621,-1.2925
-10.479,-1.3261
-10.648,-1.2845
-10.505,-1.318
-10.672,-1.2766
-10.677,-1.2746
-10.683,-1.2737
-10.539,-1.3074
-10.705,-1.2677
-10.723,-1.2625
-10.738,-1.2573
-10.592,-1.2907
-10.758,-1.2506
-10.611,-1.2851
-10.775,-1.2447
-10.629,-1.2795
-10.791,-1.2391
-10.643,-1.2747
-10.806,-1.2359
-10.657,-1.2705
-10.818,-1.2316
-10.669,-1.2678
-10.829,-1.2287
-10.679,-1.2643
-10.839,-1.2247
-10.689,-1.2607
-10.847,-1.2224
-10.696,-1.2591
-10.853,-1.2217
-10.701,-1.2583
-10.858,-1.2205
-10.706,-1.2573
-10.714,-1.2554
-10.72,-1.2544
-10.727,-1.2533
-10.732,-1.252
-10.886,-1.2148
-10.73,-1.2519
-10.735,-1.2511
-10.739,-1.2497
-10.743,-1.2481
-10.599,-1.2824
-10.761,-1.2418
-10.615,-1.2765
-10.775,-1.2366
-10.628,-1.272
-10.788,-1.2313
-10.64,-1.2665
-10.798,-1.2265
-10.649,-1.2625
-10.806,-1.2237
-10.655,-1.2594
-10.81,-1.2206
-10.658,-1.2564
-10.812,-1.2171
-10.658,-1.254
-10.812,-1.2158
-10.657,-1.2533
-10.661,-1.2508
-10.666,-1.247
-10.67,-1.2466
-10.673,-1.2438
-10.675,-1.2438
-10.675,-1.2426
-10.676,-1.2416
-10.676,-1.2388
-10.675,-1.2394
-10.835,-1.1996
-10.684,-1.2354
-10.534,-1.2706
-10.69,-1.2307
-10.537,-1.2668
-10.544,-1.2652
-10.55,-1.2616
-10.555,-1.2605
-10.559,-1.257
-10.71,-1.2188
-10.552,-1.2569
-10.702,-1.2188
-10.544,-1.2565
-10.544,-1.2554
-10.544,-1.2539
-10.542,-1.2533
-10.539,-1.2519
-10.684,-1.2144
-10.52,-1.2536
-10.662,-1.217
-10.657,-1.2181
-10.65,-1.2171
-10.643,-1.2184
-10.795,-1.1801
-10.64,-1.2168
-10.79,-1.1792
-10.794,-1.1777
-10.795,-1.1762
-10.798,-1.1745
-10.799,-1.1727
-10.947,-1.136
-10.787,-1.1747
-10.935,-1.1373
-10.774,-1.1768
-10.921,-1.1394
-10.759,-1.1789
-10.905,-1.141
-10.744,-1.1805
-10.888,-1.1437
-10.725,-1.1837
-10.87,-1.1464
-10.867,-1.147
-10.715,-1.1851
-10.871,-1.1451
-10.718,-1.1823
-10.712,-1.1825
-10.707,-1.1841
-10.699,-1.1859
-10.693,-1.1871
-10.846,-1.1477
-10.691,-1.1863
-10.696,-1.185
-10.698,-1.1837
-10.701,-1.1832
-10.701,-1.1828
-10.851,-1.1448
-10.691,-1.1849
-10.841,-1.1471
-10.681,-1.1865
-10.667,-1.1875
-10.654,-1.1909
-10.801,-1.153
-10.64,-1.1932
-10.638,-1.1946
-10.634,-1.1927
-10.632,-1.1946
-10.626,-1.1947
-10.623,-1.1958
-10.616,-1.1952
-10.611,-1.1967
-10.604,-1.1963
-10.599,-1.1975
-10.59,-1.196
-10.584,-1.1986
-10.575,-1.197
-10.567,-1.1997
-10.558,-1.199
-10.548,-1.2012
-10.537,-1.2015
-10.673,-1.1666
-10.502,-1.2087
-10.491,-1.2112
-10.477,-1.2112
-10.465,-1.2141
-10.45,-1.2149
-10.436,-1.2178
-10.58,-1.1812
-10.418,-1.2195
-10.562,-1.1819
-10.398,-1.2211
-10.38,-1.2225
-10.363,-1.2259
-10.505,-1.1893
-10.34,-1.2284
-10.48,-1.1915
-10.474,-1.1919
-10.468,-1.1922
-10.461,-1.1938
-10.453,-1.1933
-10.446,-1.1949
-10.291,-1.2326
-10.443,-1.1934
-10.288,-1.2313
-10.437,-1.1932
-10.281,-1.2305
-10.429,-1.1922
-10.273,-1.2305
-10.276,-1.2299
-10.276,-1.2293
-10.278,-1.2288
-10.278,-1.2275
-10.279,-1.2271
-10.437,-1.1862
-10.29,-1.2238
-10.448,-1.1824
-10.299,-1.2195
-10.456,-1.1787
-10.307,-1.216
-10.461,-1.1771
-10.31,-1.2157
-10.465,-1.1769
-10.313,-1.2148
-10.467,-1.1762
-10.474,-1.1741
-10.48,-1.1733
-10.488,-1.1721
-10.653,-1.1295
-10.513,-1.1661
-10.533,-1.1612
-10.405,-1.194
-10.276,-1.2271
-10.308,-1.2195
-10.19,-1.2495
-10.232,-1.2399
-10.285,-1.2267
-10.19,-1.2501
-10.254,-1.2355
-10.169,-1.2583
-10.083,-1.281
-10.155,-1.2643
-10.079,-1.2837
-10.16,-1.2635
-10.093,-1.2819
-10.183,-1.2595
-10.125,-1.2743
-10.224,-1.2502
-10.174,-1.263
-10.281,-1.2365
-10.238,-1.2476
-10.353,-1.22
-10.317,-1.2296
-10.281,-1.2386
-10.399,-1.2091
-10.367,-1.2169
-10.493,-1.1859
-10.468,-1.1924
-10.598,-1.16
-10.578,-1.1653
-10.714,-1.1313
-10.7,-1.135
-10.841,-1.0988
-10.831,-1.1005
-10.975,-1.0623
-11.129,-1.0223
-11.132,-1.0206
-11.29,-0.98017
-11.296,-0.97751
-11.458,-0.93513
-11.469,-0.93101
-11.634,-0.88831
-11.648,-0.88392
-11.816,-0.84059
-11.992,-0.79482
-12.017,-0.78696
-12.196,-0.74034
-12.223,-0.73177
-12.245,-0.72543
-12.421,-0.67948
-12.444,-0.67369
-12.621,-0.62882
-12.646,-0.6219
-12.825,-0.5755
-12.85,-0.5686
-13.028,-0.52196
-13.213,-0.47399
-13.247,-0.46525
-13.432,-0.41693
-13.464,-0.40684
-13.649,-0.35901
-13.682,-0.35019
-13.866,-0.30318
-13.897,-0.29512
-14.081,-0.24821
-14.111,-0.23973
-14.293,-0.19349
-14.321,-0.18651
-14.501,-0.1409
-14.527,-0.13459
-14.704,-0.089993
-14.727,-0.084075
-14.743,-0.079915
-14.909,-0.038444
-15.079,0.0037116
-15.096,0.0077564
-15.263,0.048606
-15.276,0.051319
-15.438,0.091508
-15.447,0.094426
-15.606,0.13295
-15.611,0.13367
-15.765,0.17123
-15.764,0.17087
-15.913,0.20649
-15.908,0.20453
-16.05,0.23804
-16.039,0.23383
-16.176,0.26538
-16.157,0.26063
-16.288,0.29122
-16.264,0.28429
-16.388,0.31276
-16.514,0.3413
-16.485,0.3325
-16.604,0.35945
-16.569,0.34902
-16.68,0.37322
-16.637,0.36082
-16.739,0.38349
-16.845,0.40731
-16.795,0.39397
-16.892,0.41533
-16.833,0.39908
-16.921,0.41819
-16.853,0.39934
-16.93,0.41618
-16.852,0.3946
-16.919,0.40814
-16.831,0.38423
-16.889,0.39591
-16.792,0.3699
-16.839,0.37834
-16.731,0.34964
-16.768,0.35573
-16.649,0.32459
-16.675,0.32782
-16.545,0.29394
-16.558,0.29516
-16.415,0.25735
-16.417,0.25555
-16.419,0.25319
-16.42,0.25098
-16.421,0.24904
-16.421,0.24678
-16.422,0.24437
-16.423,0.24279
-16.424,0.24098
-16.424,0.23905
-16.425,0.2377
-16.426,0.23616
-16.427,0.23502
-16.428,0.23387
-16.43,0.23203
-16.431,0.2304
-16.432,0.22899
-16.432,0.22756
-16.432,0.2258
-16.433,0.22456
-16.433,0.22374
-16.434,0.22236
-16.434,0.22141
-16.435,0.22048
-16.436,0.21955
-16.436,0.21891
-16.437,0.21816
-16.438,0.21758
-16.438,0.21717
-16.439,0.21696
-16.439,0.21701
-16.44,0.21709
-16.441,0.21758
-16.441,0.21808
-16.442,0.21777
-16.442,0.21825
-16.443,0.21839
-16.445,0.21787
-16.446,0.21751
-16.447,0.21685
-16.447,0.21621
-16.448,0.21611
-16.448,0.21639
-16.449,0.21694
-16.45,0.21743
-16.451,0.21761
-16.451,0.21753
-16.452,0.21746
-16.453,0.21737
-16.453,0.21766
-16.454,0.21846
-16.454,0.21917
-16.454,0.22038
-16.455,0.22154
-16.455,0.22173
-16.455,0.22226
-16.455,0.2226
-16.458,0.22638
-16.46,0.22967
-16.475,0.24326
-16.488,0.25557
-16.514,0.27999
-16.537,0.30231
-16.572,0.33638
-16.603,0.36721
-16.645,0.4102
-16.682,0.44787
-16.725,0.4932
-16.763,0.53344
-16.803,0.57363
-16.836,0.6084
-16.864,0.64025
-16.886,0.66582
-16.902,0.68507
-16.912,0.69892
-16.919,0.70751
-16.921,0.71104
-16.919,0.70939
-16.912,0.70278
-16.9,0.69222
-16.884,0.67626
-16.864,0.65536
-16.838,0.62984
-16.807,0.5995
-16.773,0.56467
-16.735,0.52517
-16.692,0.48145
-16.646,0.4333
-16.595,0.38143
-16.542,0.32554
-16.484,0.26569
-16.423,0.20187
-16.359,0.13463
-16.291,0.064237
-16.219,-0.0090737
-16.145,-0.085557
-16.067,-0.1652
-15.986,-0.24793
-15.902,-0.33318
-15.815,-0.42131
-15.726,-0.51217
-15.634,-0.60542
-15.539,-0.70167
-15.442,-0.80016
-15.342,-0.90064
-15.239,-1.0038
-15.135,-1.1087
-15.03,-1.215
-14.923,-1.323
-14.822,-1.4337
-14.719,-1.5455
-14.619,-1.6575
-14.515,-1.771
-14.407,-1.8847
-14.297,-1.9988
-14.184,-2.1146
-14.069,-2.2319
-13.953,-2.35
-13.835,-2.4688
-13.715,-2.5882
-13.595,-2.7082
-13.473,-2.8283
-13.35,-2.9484
-13.226,-3.0686
-13.102,-3.1889
-12.978,-3.3096
-12.853,-3.4295
-12.728,-3.5487
-12.602,-3.6683
-12.476,-3.787
-12.35,-3.905
-12.224,-4.0229
-12.099,-4.1395
-11.974,-4.2547
-11.849,-4.3687
-11.726,-4.4814
-11.602,-4.5928
-11.48,-4.7029
-11.36,-4.8112
-11.24,-4.9178
-11.122,-5.0231
-11.005,-5.1263
-10.89,-5.2269
-10.776,-5.3256
-10.664,-5.4218
-10.554,-5.5152
-10.446,-5.6064
-10.34,-5.6953
-10.236,-5.7817
-10.135,-5.8646
-10.036,-5.9448
-9.94,-6.022
-9.8461,-6.096
-9.7554,-6.1671
-9.6679,-6.2347
-9.5832,-6.2984
-9.5017,-6.3595
-9.4239,-6.4168
-9.3489,-6.4697
-9.2771,-6.5188
-9.2096,-6.5636
-9.1467,-6.6041
-9.0878,-6.6409
-9.0328,-6.6735
-8.9814,-6.702
-8.9342,-6.7258
-8.8919,-6.7448
-8.8539,-6.7595
-8.8201,-6.7694
-8.7912,-6.7745
-8.7673,-6.775
-8.7489,-6.77
-8.7362,-6.7597
-8.7285,-6.7443
-8.7255,-6.7233
-8.7287,-6.6964
-8.7379,-6.6642
-8.7522,-6.6262
-8.7694,-6.586
-8.7924,-6.5399
-8.8079,-6.4995
-8.8286,-6.4546
-8.8402,-6.4192
-8.856,-6.3799
-8.8611,-6.3519
-8.8691,-6.3209
-8.8649,-6.304
-8.8624,-6.2854
-8.8504,-6.2787
-8.8389,-6.2718
-8.8211,-6.2702
-8.8038,-6.2686
-8.7876,-6.2697
-8.7722,-6.2708
-8.7585,-6.2713
-8.746,-6.2718
-8.7322,-6.2726
-8.7189,-6.2736
-8.7058,-6.2746
-8.6937,-6.2755
-8.6818,-6.2775
-8.6709,-6.2799
-8.6606,-6.2824
-8.6509,-6.2848
-8.6419,-6.2871
-8.6335,-6.2891
-8.6255,-6.2908
-8.6185,-6.2928
-8.6122,-6.2945
-8.6068,-6.2963
-8.6016,-6.2979
-8.5971,-6.3003
-8.5926,-6.3023
-8.5887,-6.3043
-8.5859,-6.3065
-8.5841,-6.3087
-8.5832,-6.3108
-8.5831,-6.3125
-8.5835,-6.3141
-8.5848,-6.3159
-8.5869,-6.3176
-8.5901,-6.3189
-8.5942,-6.3204
-8.5987,-6.3226
-8.6042,-6.3248
-8.6112,-6.3267
-8.6192,-6.328
-8.6282,-6.3299
-8.6368,-6.3321
-8.6464,-6.3344
-8.6485,-6.3356
-8.6509,-6.3372
-8.648,-6.3399
-8.6451,-6.3424
-8.645,-6.3457
-8.6449,-6.3486
-8.6461,-6.3507
-8.6473,-6.3529
-8.6486,-6.355
-8.6487,-6.3571
-8.649,-6.3591
-8.6496,-6.3607
-8.6503,-6.3624
-8.65,-6.3645
-8.6495,-6.3664
-8.6491,-6.3689
-8.6488,-6.3707
-8.6496,-6.3727
-8.6509,-6.3747
-8.6524,-6.3766
-8.6542,-6.3784
-8.6556,-6.3799
-8.657,-6.3804
-8.6584,-6.3806
-8.6601,-6.3808
-8.6623,-6.381
-8.6643,-6.3809
-8.6666,-6.3807
-8.6691,-6.38
-8.6715,-6.3788
-8.6743,-6.3773
-8.6773,-6.3757
-8.68,-6.3738
-8.6827,-6.3717
-8.6852,-6.369
-8.6881,-6.3665
-8.6912,-6.3641
-8.6944,-6.3609
-8.6978,-6.3571
-8.7018,-6.3524
-8.7054,-6.3481
-8.7091,-6.3438
-8.7131,-6.3394
-8.7169,-6.3348
-8.7205,-6.3298
-8.7242,-6.3246
-8.7281,-6.3196
-8.7323,-6.3142
-8.736,-6.3089
-8.7398,-6.3041
-8.7438,-6.2992
-8.7482,-6.2942
-8.7516,-6.2894
-8.7551,-6.2843
-8.7585,-6.2791
-8.7615,-6.2734
-8.7644,-6.2678
-8.7665,-6.2628
-8.7687,-6.2573
-8.7712,-6.2516
-8.7735,-6.2458
-8.776,-6.2402
-8.778,-6.2348
-8.7795,-6.2289
-8.7814,-6.2227
-8.7829,-6.2163
-8.7836,-6.2103
-8.7843,-6.2039
-8.7856,-6.1978
-8.7867,-6.1921
-8.7878,-6.1868
-8.7889,-6.1815
-8.7898,-6.1758
-8.7904,-6.1704
-8.7907,-6.165
-8.7913,-6.1593
-8.7919,-6.1538
-8.7922,-6.1487
-8.7928,-6.1438
-8.7936,-6.1392
-8.7948,-6.1342
-8.7956,-6.1296
-8.7965,-6.1251
-8.7975,-6.1196
-8.7985,-6.1143
-8.7999,-6.1093
-8.801,-6.1045
-8.8019,-6.1002
-8.803,-6.0959
-8.804,-6.0906
-8.8047,-6.0857
-8.8054,-6.0815
-8.8056,-6.0772
-8.8058,-6.0728
-8.806,-6.0687
-8.8062,-6.0645
-8.8066,-6.061
-8.807,-6.0577
-8.8071,-6.0544
-8.8072,-6.0516
-8.807,-6.0491
-8.8066,-6.0466
-8.8062,-6.0436
-8.806,-6.0403
-8.8059,-6.0371
-8.8054,-6.0341
-8.8046,-6.0314
-8.8041,-6.0287
-8.8036,-6.0268
-8.8029,-6.0257
-8.8022,-6.0246
-8.8013,-6.0236
-8.8,-6.0231
-8.7982,-6.0227
-8.7969,-6.0218
-8.7956,-6.0209
-8.7938,-6.0207
-8.7923,-6.0213
-8.7908,-6.0213
-8.7889,-6.0214
-8.7868,-6.0215
-8.7846,-6.0218
-8.7824,-6.0217
-8.7803,-6.0218
-8.7778,-6.0223
-8.7756,-6.0225
-8.7732,-6.0235
-8.7704,-6.0248
-8.7676,-6.0264
-8.7644,-6.0282
-8.7618,-6.0297
-8.7592,-6.0313
-8.7564,-6.0334
-8.7539,-6.0359
-8.7525,-6.0381
-8.7514,-6.0404
-8.7504,-6.0421
-8.7491,-6.0439
-8.7469,-6.0454
-8.7449,-6.0473
-8.743,-6.0491
-8.7412,-6.0511
-8.7399,-6.0534
-8.7385,-6.0559
-8.7373,-6.0585
-8.7361,-6.0611
-8.7346,-6.0634
-8.7328,-6.0655
-8.7309,-6.0674
-8.7283,-6.0695
-8.7259,-6.0718
-8.7239,-6.0743
-8.722,-6.0768
-8.7201,-6.0791
-8.7186,-6.0815
-8.7165,-6.0841
-8.7143,-6.0862
-8.7121,-6.088
-8.71,-6.0903
-8.7076,-6.0929
-8.7048,-6.096
-8.703,-6.0989
-8.701,-6.1016
-8.6988,-6.1044
-8.6969,-6.1072
-8.6949,-6.1102
-8.693,-6.1134
-8.6913,-6.1153
-8.6893,-6.1176
-8.6873,-6.1205
-8.6853,-6.1229
-8.6828,-6.1253
-8.68,-6.1276
-8.6774,-6.1297
-8.6747,-6.1319
-8.6721,-6.1339
-8.6699,-6.1363
-8.6678,-6.1393
-8.6665,-6.1417
-8.6659,-6.1443
-8.6648,-6.1468
-8.6634,-6.1483
-8.6617,-6.1495
-8.6596,-6.1516
-8.6579,-6.1539
-8.6567,-6.1555
-8.6559,-6.1573
-8.6551,-6.1594
-8.6542,-6.1616
-8.653,-6.1639
-8.652,-6.1656
-8.6511,-6.1674
-8.6502,-6.1692
-8.6497,-6.1708
-8.6493,-6.172
-8.649,-6.1734
-8.6484,-6.1749
-8.6475,-6.1759
-8.6468,-6.1765
-8.6462,-6.177
-8.6454,-6.1772
-8.6443,-6.1763
-8.6436,-6.1749
-8.6429,-6.1739
-8.642,-6.1738
-8.6414,-6.174
-8.6404,-6.1738
-8.6399,-6.1735
-8.6397,-6.1725
-8.6391,-6.171
-8.6386,-6.1705
-8.6383,-6.1697
-8.6379,-6.1683
-8.637,-6.1667
-8.6362,-6.1652
-8.6363,-6.1634
-8.6364,-6.1618
-8.6363,-6.1602
-8.6362,-6.1585
-8.6364,-6.157
-8.6364,-6.1551
-8.6359,-6.1527
-8.6357,-6.1504
-8.6355,-6.1478
-8.6351,-6.1458
-8.6349,-6.144
-8.6352,-6.1422
-8.6354,-6.1402
-8.6353,-6.1384
-8.6353,-6.1362
-8.6352,-6.1336
-8.6354,-6.1312
-8.6356,-6.1289
-8.6358,-6.1269
-8.6365,-6.1252
-8.6374,-6.123
-8.6383,-6.1212
-8.6391,-6.1194
-8.6395,-6.1172
-8.6398,-6.115
-8.6405,-6.1131
-8.6413,-6.1115
-8.6421,-6.1101
-8.643,-6.1092
-8.6438,-6.1082
-8.6444,-6.1072
-8.6446,-6.1067
-8.6456,-6.1061
-8.6467,-6.1055
-8.6476,-6.1062
-8.6487,-6.107
-8.6502,-6.1061
-8.6515,-6.1055
-8.6527,-6.1057
-8.6536,-6.1059
-8.6544,-6.1061
-8.655,-6.1064
-8.6554,-6.1063
-8.6562,-6.1063
-8.6572,-6.1072
-8.6578,-6.1077
-8.6586,-6.108
-8.6591,-6.108
-8.6594,-6.108
-8.6598,-6.1078
-8.6597,-6.1075
-8.6597,-6.1074
-8.66,-6.1073
-8.6605,-6.1076
-8.6603,-6.1084
-8.6608,-6.1089
-8.6613,-6.1088
-8.6615,-6.1086
-8.6621,-6.1087
-8.6628,-6.1089
-8.6629,-6.1087
-8.6635,-6.1082
-8.6643,-6.1079
-8.6651,-6.1078
-8.6658,-6.1077
-8.6669,-6.1072
-8.6688,-6.1066
-8.6699,-6.1063
-8.6707,-6.1056
-8.6718,-6.1049
-8.6729,-6.1043
-8.674,-6.1033
-8.6755,-6.1027
-8.6768,-6.1031
-8.6781,-6.1031
-8.6794,-6.1023
-8.6806,-6.1011
-8.6822,-6.0998
-8.6841,-6.0986
-8.6856,-6.0975
-8.6872,-6.096
-8.6888,-6.0948
-8.6904,-6.0931
-8.6918,-6.0909
-8.6925,-6.09
-8.6927,-6.0886
-8.6939,-6.0864
-8.6953,-6.0851
-8.6965,-6.0838
-8.698,-6.0816
-8.6993,-6.0793
-8.7,-6.0777
-8.7006,-6.0764
-8.7011,-6.0747
-8.7019,-6.0733
-8.7029,-6.0718
-8.7035,-6.0702
-8.704,-6.0684
-8.7045,-6.0666
-8.7047,-6.0648
-8.7045,-6.063
-8.704,-6.0607
-8.7037,-6.0588
-8.7035,-6.0573
-8.7032,-6.0554
-8.7028,-6.0535
-8.7024,-6.0522
-8.7022,-6.0517
-8.7023,-6.0513
-8.7026,-6.0503
-8.7021,-6.0495
-8.7015,-6.0482
-8.7009,-6.047
-8.6998,-6.0458
-8.6985,-6.045
-8.6976,-6.0444
-8.697,-6.0435
-8.696,-6.0426
-8.6949,-6.0416
-8.6944,-6.0407
-8.694,-6.0404
-8.6929,-6.0401
-8.6916,-6.0401
-8.6904,-6.0401
-8.6893,-6.0397
-8.6879,-6.039
-8.686,-6.0383
-8.6847,-6.0378
-8.6834,-6.0375
-8.6823,-6.0375
-8.6815,-6.0372
-8.6807,-6.0366
-8.6798,-6.0364
-8.679,-6.0364
-8.6784,-6.0361
-8.6777,-6.0364
-8.6764,-6.0369
-8.6751,-6.0372
-8.6742,-6.0373
-8.6734,-6.0372
-8.6723,-6.037
-8.671,-6.0374
-8.6703,-6.0376
-8.6698,-6.0379
-8.6691,-6.0382
-8.6686,-6.0388
-8.6681,-6.0395
-8.6677,-6.04
-8.6677,-6.0402
-8.6676,-6.0402
-8.6673,-6.041
-8.6673,-6.0419
-8.6675,-6.0429
-8.6671,-6.044
-8.6665,-6.0447
-8.6663,-6.0441
-8.6662,-6.0437
-8.6657,-6.0449
-8.6646,-6.0462
-8.6638,-6.0466
-8.6633,-6.0467
-8.6628,-6.0468
-8.6629,-6.0473
-8.663,-6.0483
-8.6627,-6.0491
-8.6623,-6.0492
-8.6621,-6.0493
-8.6618,-6.0497
-8.6609,-6.0509
-8.6601,-6.0519
-8.6601,-6.0522
-8.6605,-6.0524
-8.6601,-6.053
-8.6592,-6.0535
-8.6586,-6.054
-8.6587,-6.0539
-8.6588,-6.0531
-8.6589,-6.0529
-8.6592,-6.053
-8.6591,-6.0527
-8.659,-6.0524
-8.6595,-6.0524
-8.6595,-6.0527
-8.6595,-6.0526
-8.6598,-6.0524
-8.6604,-6.0519
-8.6616,-6.0514
-8.662,-6.0508
-8.6621,-6.0503
-8.6625,-6.05
-8.6625,-6.0493
-8.6626,-6.0482
-8.663,-6.0472
-8.6631,-6.0455
-8.6626,-6.0444
-8.6622,-6.0436
-8.6612,-6.042
-8.6604,-6.0407
-8.6604,-6.04
-8.6603,-6.039
-8.6603,-6.038
-8.6601,-6.0374
-8.6603,-6.0365
-8.6603,-6.0361
-8.6608,-6.0356
-8.6619,-6.034
-8.662,-6.0322
-8.6611,-6.0312
-8.6608,-6.0302
-8.6607,-6.0294
-8.6599,-6.0287
-8.6592,-6.0282
-8.6589,-6.0274
-8.6586,-6.0264
-8.6584,-6.0257
-8.6578,-6.0247
-8.6574,-6.024
-8.6573,-6.0234
-8.6569,-6.0232
-8.6562,-6.023
-8.6551,-6.0228
-8.6543,-6.0228
-8.6542,-6.0227
-8.6539,-6.0222
-8.6534,-6.0223
-8.6529,-6.0227
-8.6519,-6.0229
-8.6508,-6.0226
-8.6503,-6.0219
-8.6493,-6.0213
-8.6477,-6.0208
-8.6468,-6.0203
-8.6461,-6.0199
-8.6452,-6.0196
-8.6439,-6.0194
-8.6427,-6.0187
-8.6414,-6.0179
-8.6396,-6.0173
-8.6379,-6.017
-8.6361,-6.0167
-8.6346,-6.0166
-8.6329,-6.0159
-8.6311,-6.0147
-8.6296,-6.013
-8.6279,-6.0111
-8.6263,-6.0096
-8.6244,-6.0081
-8.623,-6.0065
-8.622,-6.0051
-8.6211,-6.0035
-8.6202,-6.0015
-8.6189,-5.9999
-8.6176,-5.9981
-8.6164,-5.9961
-8.615,-5.9945
-8.6136,-5.993
-8.6122,-5.9914
-8.6115,-5.9897
-8.6104,-5.9878
-8.6089,-5.9862
-8.6079,-5.9846
-8.6073,-5.9832
-8.6067,-5.9818
-8.6056,-5.9806
-8.6042,-5.9794
-8.6031,-5.9784
-8.6021,-5.9772
-8.6011,-5.9762
-8.6003,-5.9749
-8.5992,-5.9742
-8.5986,-5.974
-8.5982,-5.9732
-8.5975,-5.9726
-8.5967,-5.9719
-8.596,-5.9711
-8.5954,-5.9707
-8.595,-5.9707
-8.5945,-5.9706
-8.5937,-5.9698
-8.5935,-5.9692
-8.5937,-5.9687
-8.5936,-5.9687
-8.5933,-5.9695
-8.5925,-5.97
-8.5917,-5.9704
-8.5914,-5.9711
-8.5916,-5.9719
-8.5914,-5.9729
-8.5913,-5.974
-8.5917,-5.9745
-8.5918,-5.9751
-8.591,-5.9765
-8.5903,-5.9782
-8.5903,-5.9795
-8.5904,-5.9808
-8.5903,-5.9821
-8.5897,-5.9831
-8.5891,-5.9847
-8.5892,-5.9874
-8.589,-5.9899
-8.5884,-5.9925
-8.5876,-5.995
-8.5865,-5.9974
-8.5858,-5.9994
-8.5856,-6.0011
-8.5851,-6.0029
-8.5841,-6.0054
-8.5825,-6.0079
-8.5811,-6.0098
-8.5799,-6.0115
-8.5784,-6.0131
-8.5773,-6.0149
-8.5757,-6.0171
-8.5738,-6.0193
-8.5724,-6.0215
-8.5717,-6.0232
-8.5713,-6.0259
-8.5716,-6.0292
-8.5721,-6.0413
-8.5719,-6.0519
-8.5716,-6.0785
-8.5714,-6.1029
-8.571,-6.1368
-8.5703,-6.1677
-8.5695,-6.208
-8.5681,-6.2442
-8.5675,-6.2838
-8.5678,-6.319
-8.5684,-6.3529
-8.5681,-6.382
-8.5668,-6.4065
-8.566,-6.4262
-8.5654,-6.4403
-8.5644,-6.4505
-8.5641,-6.458
-8.5637,-6.4611
-8.5632,-6.4584
-8.5622,-6.4516
-8.5617,-6.442
-8.5614,-6.4281
-8.5609,-6.4095
-8.5607,-6.3872
-8.5606,-6.3624
-8.5597,-6.3341
-8.5587,-6.3021
-8.5578,-6.266
-8.5566,-6.2265
-8.5557,-6.1841
-8.5544,-6.1385
-8.5523,-6.0903
-8.55,-6.0388
-8.5481,-5.9844
-8.5469,-5.9285
-8.5453,-5.8696
-8.5449,-5.8149
-8.5446,-5.7568
-8.5459,-5.6999
-8.5467,-5.6397
-8.547,-5.5766
-8.5473,-5.5103
-8.5468,-5.4401
-8.5459,-5.3668
-8.5444,-5.2913
-8.5427,-5.2135
-8.5416,-5.1331
-8.5402,-5.0503
-8.5389,-4.9655
-8.5375,-4.8784
-8.536,-4.789
-8.5338,-4.6974
-8.5312,-4.604
-8.5283,-4.509
-8.5257,-4.4122
-8.5228,-4.314
-8.5207,-4.2148
-8.5183,-4.1139
-8.5153,-4.0118
-8.512,-3.9087
-8.5084,-3.8046
-8.505,-3.6997
-8.5014,-3.593
-8.4971,-3.4856
-8.4923,-3.3777
-8.4874,-3.2693
-8.4825,-3.1606
-8.4777,-3.0516
-8.4726,-2.9415
-8.4674,-2.8316
-8.4623,-2.7224
-8.457,-2.6136
-8.4519,-2.5048
-8.4462,-2.3959
-8.4388,-2.2872
-8.4317,-2.1789
-8.4267,-2.0721
-8.4215,-1.9662
-8.4156,-1.8621
-8.4095,-1.7586
-8.4011,-1.657
-8.3932,-1.5571
-8.3847,-1.4599
-8.3761,-1.3638
-8.3688,-1.2672
-8.3619,-1.1714
-8.3557,-1.0777
-8.3496,-0.98569
-8.3426,-0.89516
-8.3353,-0.80651
-8.3286,-0.71983
-8.3218,-0.63515
-8.3143,-0.55195
-8.3072,-0.47102
-8.3006,-0.3933
-8.2939,-0.31803
-8.2869,-0.24489
-8.2799,-0.17457
-8.2736,-0.10785
-8.2677,-0.044493
-8.2615,0.016326
-8.2547,0.074886
-8.2489,0.12943
-8.2435,0.18085
-8.2381,0.22834
-8.2331,0.27226
-8.2279,0.31439
-8.2224,0.35228
-8.2169,0.38541
-8.2121,0.41525
-8.2077,0.44065
-8.2032,0.4614
-8.1996,0.47663
-8.1965,0.48728
-8.1924,0.49434
-8.1891,0.49711
-8.1874,0.49416
-8.1854,0.48662
-8.1826,0.47457
-8.1798,0.45876
-8.1772,0.4377
-8.1747,0.42113
-8.1729,0.39995
-8.1714,0.39248
-8.1702,0.38106
-8.1694,0.37932
-8.1679,0.37623
-8.1668,0.38445
-8.1665,0.39074
-8.1656,0.40393
-8.165,0.417
-8.1642,0.43291
-8.1638,0.44772
-8.1648,0.46214
-8.1661,0.47635
-8.1678,0.48884
-8.1691,0.50075
-8.17,0.51369
-8.171,0.52524
-8.1724,0.53456
-8.1739,0.54373
-8.1751,0.5533
-8.1764,0.56222
-8.178,0.56943
-8.1798,0.57599
-8.1818,0.58275
-8.1837,0.58881
-8.1858,0.59363
-8.1889,0.59712
-8.1923,0.59957
-8.1956,0.60163
-8.1995,0.6027
-8.2038,0.60299
-8.2084,0.60184
-8.2139,0.59904
-8.2187,0.59647
-8.2231,0.59341
-8.2263,0.59666
-8.2296,0.59945
-8.2312,0.60636
-8.2333,0.61272
-8.2356,0.61926
-8.237,0.62627
-8.2391,0.63217
-8.2415,0.6376
-8.2443,0.64344
-8.2472,0.64894
-8.2494,0.65411
-8.2512,0.65917
-8.2527,0.66433
-8.2549,0.66916
-8.2571,0.67365
-8.2589,0.67866
-8.261,0.68352
-8.2631,0.68759
-8.2646,0.6913
-8.2665,0.69458
-8.2674,0.69827
-8.268,0.7019
-8.2689,0.70563
-8.2691,0.70838
-8.2693,0.71131
-8.2695,0.71479
-8.2697,0.71725
-8.2703,0.71974
-8.2713,0.72228
-8.2722,0.72375
-8.273,0.7251
-8.2732,0.72631
-8.2735,0.72641
-8.2735,0.72575
-8.2732,0.7256
-8.273,0.72531
-8.2722,0.72451
-8.2715,0.72318
-8.2723,0.72144
-8.2731,0.71961
-8.2716,0.71841
-8.2702,0.71717
-8.2692,0.71678
-8.2672,0.71592
-8.2674,0.716
-8.2671,0.71661
-8.2677,0.7189
-8.2689,0.72173
-8.2689,0.72265
-8.2691,0.72245
-8.2687,0.7227
-8.2678,0.72309
-8.2678,0.72311
-8.268,0.7229
-8.2676,0.72259
-8.267,0.72309
-8.2672,0.72266
-8.268,0.7211
-8.2684,0.72019
-8.2687,0.71909
-8.2695,0.71739
-8.2703,0.71586
-8.2707,0.71496
-8.2707,0.71374
-8.2715,0.71185
-8.2725,0.71007
-8.2728,0.70897
-8.2729,0.70766
-8.2731,0.70683
-8.2733,0.70637
-8.2741,0.70387
-8.2746,0.70101
-8.2753,0.69877
-8.276,0.69617
-8.2765,0.6938
-8.2771,0.69137
-8.2769,0.69012
-8.2767,0.68886
-8.2777,0.68663
-8.2788,0.68422
-8.2785,0.6828
-8.2791,0.68154
-8.2807,0.67987
-8.2817,0.67743
-8.2827,0.67526
-8.2836,0.67354
-8.2837,0.67267
-8.2838,0.67182
-8.284,0.671
-8.2841,0.67021
-8.2843,0.66945
-8.2844,0.66872
-8.2846,0.66801
-8.2848,0.66734
-8.285,0.66669
-8.2852,0.66607
-8.2854,0.66549
-8.2857,0.66493
-8.286,0.6644
-8.2863,0.66391
-8.2866,0.66344
-8.287,0.663
-8.2873,0.66259
-8.2877,0.66222
-8.2882,0.66187
-8.2886,0.66155
-8.2891,0.66127
-8.2897,0.66101
-8.2902,0.66079
-8.2908,0.6606
-8.2915,0.66044
-8.2922,0.66031
-8.2929,0.66021
-8.2936,0.66014
-8.2944,0.6601
-8.2953,0.6601
-8.2962,0.66013
-8.2972,0.66019
-8.2982,0.66028
-8.2992,0.66041
-8.3003,0.66056
-8.3015,0.66075
-8.3027,0.66098
-8.304,0.66123
-8.3053,0.66152
-8.3067,0.66184
-8.3081,0.6622
-8.3096,0.66258
-8.3112,0.663
-8.3129,0.66346
-8.3146,0.66395
-8.3164,0.66447
-8.3182,0.66502
-8.3201,0.66561
-8.3221,0.66624
-8.3242,0.66689
-8.3263,0.66759
-8.3286,0.66831
-8.3309,0.66907
-8.3332,0.66987
-8.3357,0.6707
-8.3383,0.67157
-8.3409,0.67247
-8.3436,0.6734
-8.3464,0.67437
-8.3493,0.67538
