3055.8,3507.5,1086
3055.8,3507.5,1085.9
3055.8,3507.4,1085.9
3055.8,3507.4,1085.8
3055.8,3507.4,1085.7
3055.8,3507.3,1085.6
3055.8,3507.3,1085.6
3055.8,3507.2,1085.5
3055.8,3507.2,1085.5
3055.8,3507.2,1085.5
3055.8,3507.6,1086
3055.8,3507.5,1085.9
3055.8,3507.5,1085.9
3055.8,3507.5,1085.9
3055.8,3507.4,1086
3055.8,3507.4,1086
3055.8,3507.3,1086
3055.8,3507.3,1086
3055.8,3507.3,1086
3055.8,3507.3,1085.5
3055.8,3507.3,1085.6
3055.8,3507.3,1085.9
3055.8,3507.3,1086
3055.8,3507.4,1085.9
3055.8,3507.4,1085.9
3055.8,3507.5,1085.9
3055.8,3507.5,1086
3055.8,3507.5,1086
3055.8,3507.5,1086
3055.8,3507.4,1086
3055.8,3507.4,1086
3055.8,3507.3,1085.9
3055.8,3507.3,1085.9
3057.6,3518.3,1088.5
3057.3,3516.6,1088.1
3056.7,3512.8,1087.2
3056.1,3509,1086.3
3055.8,3507.2,1085.9
3055.9,3507.2,1085.9
3055.9,3507.2,1085.8
3055.8,3507.2,1085.8
3055.8,3507.2,1085.7
3055.8,3507.2,1085.6
3055.8,3507.2,1085.6
3055.8,3507.5,1086
3055.8,3507.5,1086
3055.8,3507.5,1086
3055.8,3507.5,1086
3055.8,3507.5,1086
3055.8,3507.5,1086
3055.8,3507.5,1086
3055.8,3507.5,1086
3055.8,3507.5,1086
3055.8,3507.5,1086
3055.8,3507.5,1086
3055.8,3507.2,1085.6
3055.8,3507.2,1086.1
3055.8,3507.3,1086.1
3055.9,3507.3,1086
3055.9,3507.4,1086
3055.8,3507.2,1085.9
3055.8,3507.3,1085.9
3055.8,3507.4,1086
3055.8,3507.5,1086
3055.8,3507.6,1086
3055.8,3507.4,1086
3055.8,3507.4,1085.9
3055.8,3507.3,1085.9
3055.8,3507.3,1085.8
3055.8,3507.2,1085.8
3055.8,3507.2,1085.7
3055.8,3507.2,1085.7
3055.8,3507.1,1085.7
3055.8,3507.1,1085.6
3055.8,3507.1,1085.6
3055.8,3507.1,1085.6
3055.8,3507.1,1085.5
3055.8,3507,1085.5
3055.8,3507,1085.5
3055.8,3507,1085.5
3055.8,3507,1085.5
3055.8,3507,1085.5
3055.8,3507.2,1085.6
3055.8,3507.4,1085.9
3055.8,3507.5,1086.1
3055.8,3507.4,1086
3055.8,3507.1,1085.4
3055.8,3507.1,1085.4
3055.8,3507.1,1085.5
3055.8,3507.2,1085.6
3055.8,3507.2,1085.7
3055.8,3507.3,1085.8
3055.8,3507.6,1085.9
3055.8,3507.8,1086
3055.8,3507.6,1085.9
3055.8,3507.3,1085.6
3055.8,3507.2,1085.4
3055.8,3507.3,1085.4
3055.9,3507.5,1085.4
3055.8,3507.7,1085.9
3055.8,3507.3,1085.9
3055.8,3507.4,1085.9
3055.8,3507.4,1085.9
3055.8,3507.4,1086
3055.8,3507.4,1086
3055.8,3507.4,1086.1
3055.8,3507.5,1086.1
3055.9,3507.5,1086.1
3055.8,3507.5,1086.1
3055.8,3507.5,1086
3055.8,3507.5,1085.9
3055.8,3507.5,1085.9
3055.8,3507.4,1085.9
3055.8,3507.3,1086
3055.8,3507.3,1085.9
3055.8,3507.3,1085.9
3055.8,3507.3,1085.9
3055.8,3507.4,1085.9
3055.8,3507.4,1086
3055.8,3507.5,1086
3055.8,3507.5,1086
3055.8,3507.5,1086
3055.8,3507.5,1086
3055.8,3507.5,1086
3055.8,3507.5,1085.9
3055.8,3507.4,1085.8
3055.8,3507.1,1085.3
3055.8,3507.1,1085.4
3055.8,3507.2,1085.5
3055.8,3507.3,1085.6
3055.8,3507.4,1085.7
3055.8,3507.4,1085.8
3055.8,3507.5,1085.9
3055.8,3507.5,1085.9
3055.8,3507.5,1085.4
3055.8,3507.5,1085.4
3055.8,3507.5,1085.4
3055.8,3507.5,1085.4
3055.8,3507.4,1085.4
3055.8,3507.4,1085.4
3055.8,3507.4,1085.4
3055.8,3507.3,1085.4
3055.8,3507.3,1085.4
3055.8,3507.2,1085.4
3055.9,3507.2,1085.4
3055.9,3507.1,1085.4
3055.9,3507,1085.4
3055.9,3506.7,1085.5
3055.9,3506.3,1085.6
3056.1,3505.7,1085.9
3056.2,3505.1,1086.1
3056.4,3504.6,1086.5
3056.5,3504.3,1086.8
3056.6,3504.1,1087
3056.5,3504.5,1087.3
3056.3,3505.5,1087.5
3056.1,3507,1087.7
3055.8,3508.8,1087.9
3055.4,3510.7,1088.1
3055.1,3512.5,1088.3
3054.8,3514.1,1088.5
3054.6,3515.3,1088.7
3054.4,3515.9,1088.9
3054.4,3516,1089.1
3054.3,3515.5,1087.5
3054.4,3515.5,1087.5
3054.4,3515.9,1088.9
3054.6,3514.7,1088.8
3055.2,3511.6,1088.4
3055.8,3508,1088
3056.4,3505,1087.5
3056.6,3503.8,1087
3056.3,3505,1086.6
3056,3506.4,1086.3
3055.9,3506.8,1086.1
3055.9,3507.1,1086
3055.8,3507.3,1085.9
3055.8,3507.3,1085.9
3055.8,3507.3,1085.8
3055.8,3507.3,1085.7
3055.8,3507.3,1085.6
3055.8,3507.3,1085.5
3055.8,3507.3,1085.5
3055.8,3507.3,1085.4
3055.8,3507.3,1085.4
3055.8,3507.2,1085.4
3055.8,3507.2,1085.4
3055.8,3507.2,1085.4
3055.8,3507.2,1085.4
3055.8,3507.2,1085.4
3055.8,3507.2,1085.4
3055.8,3507.2,1085.4
3055.8,3507.2,1085.5
3055.8,3507.2,1085.5
3055.8,3507.2,1085.5
3055.8,3507.2,1085.5
3055.8,3507.3,1085.4
3055.8,3507.3,1086
3055.8,3507.4,1086
3055.8,3507.4,1085.9
3055.9,3507.3,1085.9
3055.9,3507.3,1085.9
3055.8,3507.4,1085.9
3055.8,3507.6,1085.9
3055.8,3507.7,1085.8
3055.8,3507.4,1085.8
3055.8,3507.3,1085.9
3055.8,3507.3,1085.9
3055.8,3507.3,1086
3055.8,3507.4,1086.1
3055.8,3507.4,1086.1
3055.8,3507.6,1086
3055.8,3507.2,1085.9
3055.8,3507.2,1085.8
3055.8,3507.2,1085.8
3055.8,3507.3,1085.9
3055.8,3507.3,1086
3055.8,3507.4,1086
3055.8,3507.4,1086
3055.9,3507.3,1085.9
3055.9,3507.2,1085.9
3055.8,3507.1,1086
3055.8,3507.3,1085.9
3055.8,3507.4,1085.9
3055.8,3507.3,1085.9
3054.9,3514.7,1084.2
3055.8,3507.3,1085.9
3055.8,3507.3,1085.8
3055.8,3507.4,1085.8
3055.8,3507.5,1085.8
3055.8,3507.5,1085.9
3055.8,3507.5,1086
3055.8,3507.6,1086
3055.8,3507.5,1086
3055.8,3507.4,1085.9
3055.8,3507.2,1085.8
3055.8,3507.2,1085.8
3055.8,3507.2,1085.8
3055.8,3507.3,1085.9
3055.9,3507.3,1085.9
3055.8,3507.4,1085.9
3055.9,3507.3,1085.9
3055.8,3507.3,1086
3055.8,3507.2,1086
3055.8,3507.3,1085.9
3055.8,3507.2,1086
3055.8,3507.2,1086
3055.8,3507.4,1085.9
3055.8,3507.3,1085.9
3055.8,3507.3,1085.9
3055.8,3507.1,1085.8
3054.6,3515.7,1083.9
3055.8,3507.4,1085.9
3055.8,3507.4,1086
3055.9,3507.4,1086.1
3055.8,3507.3,1086
3055.8,3507.4,1085.9
3053.8,3518.1,1084.2
3055.8,3507.1,1085.9
3055.8,3507.2,1085.9
3055.8,3507.3,1086
3055.8,3507.4,1086
3055.8,3507.3,1086
3055.8,3507.5,1085.9
3055.8,3507.3,1085.9
3055.8,3507.2,1085.8
3055.8,3507.3,1085.8
3055.8,3507.4,1085.9
3055.8,3507.5,1086
3055.8,3507.4,1086
3055.8,3507.4,1086
3055.8,3507.3,1085.9
3055.8,3507.4,1085.9
3055.8,3507.4,1085.8
3055.8,3507.5,1085.9
3055.8,3507.4,1086
3055.8,3507.6,1086
3055.8,3507.5,1085.9
3055.8,3507.5,1085.8
3055.8,3507.4,1085.9
3055.8,3507.3,1086
3055.8,3507.4,1085.4
3055.8,3507.4,1085.4
3055.8,3507.5,1085.9
3055.8,3507.4,1085.8
3055.8,3507.3,1085.9
3055.8,3507.5,1085.9
3055.8,3507.4,1085.9
3055.8,3507.4,1085.8
3055.8,3507.4,1085.9
3055.8,3507.4,1086
3055.8,3507.4,1086
3055.8,3507.4,1085.9
3055.8,3507.4,1085.8
3055.8,3507.2,1085.8
3053.8,3518.1,1084.2
3055.8,3507.1,1085.4
3055.8,3507.5,1086
3055.8,3507.4,1086
3055.8,3507.5,1085.9
3055.8,3507.3,1085.9
3055.8,3507.3,1085.9
3055.8,3507.4,1085.9
3055.8,3507.3,1085.9
3055.8,3507.3,1085.9
3055.8,3507.5,1085.9
3055.8,3507.6,1086
3055.8,3507.4,1086
3055.8,3507.2,1085.9
3055.8,3507.2,1085.9
3055.8,3507.3,1085.9
3055.8,3507.3,1085.9
3054.3,3517.4,1084
3055.8,3507.5,1085.9
3055.8,3507.5,1085.9
3055.8,3507.5,1085.8
3055.8,3507.5,1085.8
3055.8,3507.5,1085.8
3055.8,3507.4,1085.9
3055.8,3507.6,1085.9
3055.8,3507.5,1086
3055.8,3507.5,1086
3055.8,3507.3,1085.9
3055.8,3507.6,1085.8
3055.8,3507.4,1085.9
3055.8,3507.5,1085.8
3055.8,3506.9,1085.3
3055.8,3507.3,1085.8
3055.8,3507.5,1085.8
3055.8,3507.4,1085.9
3055.8,3507.4,1086
3055.8,3507.4,1085.9
3055.8,3507.3,1086
3055.8,3507.4,1086
3055.8,3507.4,1085.4
3055.8,3507.5,1086
3055.8,3507.4,1085.9
3055.8,3507.3,1085.8
3055.8,3507.3,1085.8
3055.8,3507.3,1085.8
3055.8,3507.3,1085.8
3055.8,3507.3,1086
3055.8,3507.4,1086
3055.8,3507.2,1086.2
3055.8,3507.2,1085.6
3055.8,3507.3,1085.6
3055.7,3507.6,1085.6
3055.7,3508,1085.7
3055.5,3508.6,1085.7
3055.4,3509.3,1085.8
3055.3,3510.1,1085.9
3055.1,3510.9,1086
3055,3511.7,1086.1
3054.8,3512.6,1086.2
3054.7,3513.4,1086.3
3054.6,3514.2,1086.4
3054.4,3514.8,1086.5
3054.3,3515.4,1086.5
3054.3,3515.9,1086.6
3054.2,3516.1,1086.6
3054.2,3516.3,1086.6
3054.4,3514.8,1086.4
3055,3511.7,1086
3055.6,3508.6,1085.6
3055.8,3507.2,1085.5
3055.8,3507.2,1085.5
3055.8,3507.1,1085.5
3055.8,3507.1,1085.5
3055.8,3507.1,1085.5
3055.8,3507.1,1085.5
3055.8,3507.2,1085.5
3055.9,3507.2,1085.6
3055.8,3507.2,1085.7
3055.8,3507.2,1085.8
3055.8,3507.2,1085.9
3055.8,3507.1,1085.7
3055.8,3507,1085.4
3055.8,3507,1085.4
3055.8,3507,1085.4
3055.8,3507,1085.4
3055.8,3507,1085.4
3055.8,3507,1085.5
3055.8,3507,1085.5
3055.8,3507.1,1085.8
3055.8,3507.2,1086
3055.8,3507.5,1086.1
3055.5,3509.1,1086.2
3054.9,3512.1,1086.4
3054.4,3515,1086.5
3054.1,3516.4,1086.6
3054.2,3515.7,1086.6
3054.5,3514,1086.5
3055,3511.9,1086.4
3055.4,3509.7,1086.2
3055.7,3508,1086.1
3055.8,3507.3,1086
3055.8,3507.3,1085.9
3055.8,3507.3,1085.8
3055.8,3507.2,1085.7
3055.8,3507.2,1085.6
3055.8,3507.2,1085.5
3055.8,3507.2,1085.4
3055.8,3507.2,1085.4
3055.8,3507.2,1085.4
3055.8,3507.2,1085.4
3055.8,3507.2,1085.4
3055.8,3507.2,1085.5
3055.8,3507.3,1085.5
3055.8,3507.3,1085.6
3055.8,3507.3,1085.7
3055.8,3507.3,1085.8
3055.8,3507.3,1085.8
3055.8,3507.3,1085.9
3055.8,3507.3,1085.9
3055.8,3507.3,1085.9
3055.8,3507.3,1086
3055.8,3507.3,1086
3055.8,3507.3,1086
3055.8,3507.3,1086
3055.8,3507.3,1086
3055.8,3507.3,1086
3055.8,3507.2,1086
3055.8,3507.2,1086
3055.8,3507.2,1086
3055.8,3507.2,1086
3055.8,3507.2,1086
3055.8,3507.3,1086
3055.8,3507.3,1086
3055.8,3507.3,1086
3055.8,3507.3,1086
3055.8,3507.4,1086
3055.8,3507.4,1086
3055.8,3507.4,1086
3055.8,3507.4,1085.9
3055.8,3507.3,1085.9
3055.8,3507.3,1085.8
3055.8,3507.2,1085.6
3055.8,3507.2,1085.5
3055.8,3507.1,1085.4
3055.8,3507.1,1085.4
3055.8,3507.3,1085.7
3055.8,3507.4,1086
3055.8,3507.4,1086
3055.8,3507.4,1086
3055.8,3507.3,1085.9
3055.8,3507.3,1085.8
3055.8,3507.2,1085.7
3055.8,3507.2,1085.6
3055.8,3507.1,1085.5
3055.8,3507.1,1085.5
3055.8,3507.2,1085.6
3055.8,3507.3,1085.7
3055.8,3507.4,1085.9
3055.8,3507.4,1085.9
3055.8,3507.4,1085.9
3055.8,3507.4,1085.9
3055.8,3507.4,1086
3055.8,3507.4,1086
3055.8,3507.4,1086
3055.8,3507.3,1086
3055.8,3507.3,1086
3055.8,3507.4,1085.9
3055.8,3507.5,1085.9
3055.8,3507.4,1085.9
3055.8,3507.4,1085.8
3055.8,3507.3,1085.7
3055.8,3507.2,1085.7
3055.8,3507.1,1085.6
3055.8,3507,1085.6
3055.8,3507,1085.5
3055.8,3507,1085.5
3055,3511.6,1086.2
3054.1,3516.2,1086.8
3054.6,3513.9,1086.6
3055.4,3509.6,1086.2
3055.8,3507.2,1086
3055.8,3507.2,1085.9
3055.8,3507.3,1085.9
3055.8,3507.1,1085.9
3055.8,3507.1,1085.9
3055.8,3507.1,1085.9
3055.8,3507,1085.8
3055.8,3507,1085.7
3055.8,3507,1085.6
3055.8,3507,1085.5
3055.8,3507,1085.5
3055.8,3507.2,1085.5
3055.8,3507.2,1085.5
3055.8,3507.2,1085.5
3055.8,3507.2,1085.5
3055.8,3507.2,1085.5
3055.8,3507.2,1085.5
3055.8,3507.1,1085.5
3055.8,3507.1,1085.5
3055.8,3507.1,1085.5
3055.8,3507.1,1085.5
3055.8,3507.2,1085.5
3055.8,3507.2,1085.5
3055.8,3507.2,1085.4
3055.8,3507.1,1085.4
3055.8,3507.1,1085.3
3055.8,3507.1,1085.4
3055.8,3507.1,1085.4
3055.8,3507.1,1085.5
3055.9,3507.1,1085.5
3055.9,3507.1,1085.5
3055.9,3507.1,1085.6
3055.8,3507.2,1085.5
3055.8,3506.8,1085.5
3055.8,3506.9,1085.5
3055.8,3506.9,1085.5
3055.8,3506.9,1085.5
3055.8,3507,1085.5
3055.8,3507,1085.5
3055.8,3507,1085.5
3055.8,3507,1085.5
3055.8,3507.1,1085.5
3055.8,3507.1,1085.5
3055.8,3507.1,1085.5
3055.8,3507.1,1085.5
3055.8,3507.1,1085.5
3055.8,3507.1,1085.5
3055.8,3507.1,1085.5
3055.8,3507.2,1085.4
3055.8,3507.1,1085.4
3055.8,3507.1,1085.4
3055.8,3507.1,1085.4
3055.8,3507.1,1085.4
3055.8,3507.1,1085.4
3055.8,3507.1,1085.4
3055.8,3507.1,1085.4
3055.8,3507.1,1085.4
3055.8,3507.1,1085.4
3055.8,3507.1,1085.4
3055.8,3507.1,1085.4
3055.8,3507.1,1085.4
3055.8,3507.1,1085.4
3055.8,3507.1,1085.4
3055.8,3507.3,1085.4
3055.8,3507.4,1085.4
3055.8,3507.3,1085.4
3055.8,3507.2,1085.4
3055.8,3507.1,1085.4
3055.8,3507.1,1085.4
3055.8,3507,1085.4
3055.8,3507,1085.4
3055.8,3507,1085.4
3055.8,3507,1085.4
3055.8,3507,1085.5
3055.8,3507,1085.5
3055.8,3507,1085.5
3055.8,3507,1085.5
3055.9,3507,1085.5
3055.9,3507,1085.5
3055.8,3507.1,1085.5
3055.8,3507.1,1085.5
3055.8,3507.2,1085.5
3055.8,3507.2,1085.6
3055.8,3507.2,1085.6
3055.8,3507.2,1085.6
3055.8,3507.2,1085.7
3055.8,3507.2,1085.7
3055.8,3507.3,1085.8
3055.8,3507.3,1085.8
3055.8,3507.3,1085.8
3055.8,3507.3,1085.9
3055.8,3507.2,1085.5
3055.8,3507.5,1086.1
3055.8,3507.3,1086.1
3055.8,3507.3,1086
3055.8,3507.3,1086
3055.8,3507.2,1085.4
3055.8,3507.3,1085.9
3055.8,3507,1085.3
3055.8,3506.9,1085.4
3055.8,3507.1,1086
3055.8,3507.4,1086
3055.8,3507.1,1085.4
3055.8,3507,1085.4
3055.8,3507,1085.3
3055.8,3507.1,1085.6
3055.8,3507.3,1085.9
3055.8,3507.4,1086
3055.8,3507.4,1086
3055.8,3507.3,1086
3055.8,3507.4,1085.9
3055.8,3507.3,1086
3055.8,3507.2,1086
3055.8,3507.4,1085.9
3055.8,3507.3,1086
3055.8,3507.4,1086
3055.8,3507.1,1085.5
3055.8,3507.2,1085.7
3055.8,3507.3,1085.9
3055.8,3507.3,1085.9
3055.8,3507.4,1086
3054.3,3517.5,1084.1
3055.8,3507.4,1085.9
3055.8,3507.3,1085.9
3054.4,3517.1,1084
3055.8,3507.4,1086
3055.8,3507.1,1085.3
3054.6,3516.1,1083.9
3055.8,3507,1085.3
3055.8,3506.9,1085.3
3055.8,3507.1,1085.4
3055.8,3507.1,1085.4
3055.8,3507,1085.5
3055.8,3506.9,1085.5
3055.8,3507.1,1086
3055.8,3507.3,1086
3055.8,3507.4,1086
3055.8,3507.4,1086
3055.8,3507.1,1085.9
3055.8,3507.2,1085.8
3055.8,3507.2,1085.8
3055.8,3507.1,1085.9
3055.8,3507.2,1085.9
3055.8,3507.1,1086
3055.8,3507.3,1086
3055.8,3507.4,1086
3055.8,3507.4,1086
3055.8,3507.3,1086
3055.8,3507.2,1085.9
3055.8,3507.3,1085.8
3055.8,3507.3,1085.9
3055.8,3507,1085.5
3055.8,3507.5,1085.9
3055.8,3507.4,1085.9
3055.8,3507.1,1085.4
3055.8,3506.9,1085.4
3055.8,3506.9,1085.4
3055.8,3507.1,1085.5
3055.8,3507.1,1085.6
3055.8,3507.2,1085.6
3055.8,3507.1,1085.5
3055.8,3507.1,1085.4
3055.8,3507,1085.3
3055.8,3507,1085.3
3055.7,3507.1,1085.4
3055.7,3507.3,1085.4
3055.6,3507.6,1085.4
3055.6,3507.9,1085.5
3055.5,3508.3,1085.5
3055.4,3508.7,1085.6
3055.3,3509.2,1085.6
3055.2,3509.7,1085.7
3055.1,3510.2,1085.8
3055,3510.7,1085.8
3054.9,3511.3,1085.9
3054.9,3511.8,1086
3054.8,3512.4,1086.1
3054.7,3512.9,1086.1
3054.6,3513.5,1086.2
3054.5,3513.9,1086.3
3054.4,3514.4,1086.3
3054.3,3514.8,1086.4
3054.3,3515.2,1086.4
3054.2,3515.5,1086.5
3054.2,3515.8,1086.5
3054.2,3516,1086.6
3054.1,3516.1,1086.6
3054.1,3516.2,1086.6
3054.2,3516,1086.6
3054.2,3515.6,1086.5
3054.4,3515,1086.5
3054.5,3514.2,1086.5
3054.7,3513.3,1086.4
3054.9,3512.3,1086.4
3055.1,3511.3,1086.3
3055.3,3510.3,1086.2
3055.4,3509.4,1086.2
3055.6,3508.6,1086.1
3055.7,3507.9,1086.1
3055.8,3507.5,1086
3055.8,3507.4,1086
3055.8,3507.4,1085.9
3054.2,3516.4,1086.5
3054.3,3515.4,1086.5
3054.7,3513.2,1086.3
3055.2,3510.5,1086.1
3055.6,3508.2,1086
3055.8,3507.3,1085.9
3055,3511.8,1086.2
3054.1,3516.3,1086.6
3054.4,3514.9,1086.5
3055,3511.8,1086.2
3055.5,3508.7,1086
3055.8,3507.3,1085.9
3055.8,3507.4,1085.9
3055.8,3507.4,1085.9
3055.8,3507.4,1085.8
3055.8,3507.3,1085.7
3055.8,3507.3,1085.6
3055.8,3507.2,1085.6
3055.8,3507.2,1085.5
3055.8,3507.1,1085.5
3055.8,3507.2,1085.4
3055.8,3507.2,1085.4
3055.8,3507.2,1085.4
3055.8,3507.1,1085.4
3055.8,3507.1,1085.5
3055.8,3507.1,1085.5
3055.8,3507.1,1085.5
3055.9,3507.1,1085.5
3055.9,3507.1,1085.5
3055.9,3507.1,1085.6
3055.9,3507.1,1085.6
3055.9,3507.1,1085.6
3055.9,3507.1,1085.6
3055.9,3507.1,1085.6
3055.8,3507.1,1085.7
3055.8,3507.1,1085.7
3055.8,3507.1,1085.7
3055.8,3507.1,1085.7
3055.8,3507.1,1085.8
3055.8,3507.1,1085.8
3055.8,3507.1,1085.9
3055.8,3507.1,1085.9
3055.5,3508.5,1086.1
3055,3511.6,1086.3
3054.4,3514.7,1086.5
3054.1,3516.1,1086.6
3054.6,3513.7,1086.3
3055.4,3509.3,1085.7
3055.8,3507,1085.4
3055.8,3507,1085.7
3055.8,3507,1085.9
3055.9,3507,1085.5
3055.9,3507.3,1085.5
3055.9,3507.2,1085.5
3055.8,3507,1085.5
3055.8,3506.9,1085.5
3055.8,3507,1085.6
3055.8,3507.3,1085.9
3055.8,3507.4,1086
3055.8,3507.4,1086
3055.8,3507.3,1085.9
3055.8,3507.2,1085.9
3055.8,3507.1,1085.8
3055.7,3507.8,1085.9
3055.4,3509.5,1086.1
3055,3511.7,1086.3
3054.7,3513.9,1086.6
3054.4,3515.5,1086.7
3054.2,3516.2,1086.8
3055.1,3511.6,1086.1
3055.9,3506.9,1085.4
3055.7,3507.6,1085.5
3055.4,3509.3,1085.8
3055,3511.6,1086.1
3054.6,3513.8,1086.4
3054.3,3515.6,1086.6
3054.1,3516.3,1086.7
3054.2,3516.1,1086.5
3055.9,3506.9,1085.4
3055.9,3506.9,1085.4
3055.8,3506.9,1085.4
3055.8,3507,1085.5
3055.8,3507,1085.5
3055.8,3507,1085.5
3055.8,3507.1,1085.6
3055.8,3507.2,1085.6
3055.8,3507.2,1085.7
3055.8,3507.3,1085.7
3055.8,3507.3,1085.8
3055.8,3507.3,1085.9
3055.8,3507.3,1085.9
3055.9,3507.2,1086
3055.8,3507.5,1086.1
3055.6,3508.3,1086.2
3055.4,3509.5,1086.3
3055.1,3510.9,1086.4
3054.9,3512.4,1086.4
3054.6,3513.9,1086.5
3054.4,3515,1086.5
3054.2,3515.9,1086.6
3054.1,3516.2,1086.6
3055.8,3507.2,1086
3055.8,3507.3,1086
3055.8,3507.3,1086
3055.8,3507.3,1085.9
3055.8,3507.3,1085.9
3055.8,3507.2,1085.6
3055.8,3507,1085.4
3055.8,3507.3,1086
3055.8,3507.3,1086
3055.8,3507.3,1085.9
3055.8,3507.3,1085.9
3055.8,3507.3,1085.9
3055.8,3507.3,1085.9
3055.8,3507.3,1085.9
3055.8,3507.3,1085.9
3055,3511.8,1086.2
3054.2,3516.3,1086.5
3054.4,3515,1086.4
3055,3512,1086.2
3055.5,3509,1086
3055.8,3507.4,1085.9
3055.9,3507.2,1085.9
3055.9,3507.1,1085.9
3055.9,3507.1,1085.9
3055.8,3507.1,1085.8
3055.8,3507.1,1085.7
3055.8,3507.1,1085.6
3055.8,3507.1,1085.6
3055.8,3507.1,1085.5
3055.8,3507.1,1085.5
3055.8,3507.2,1086
3055.8,3507.2,1086
3055.8,3507.3,1086
3055.8,3507.3,1086
3055.8,3507.4,1085.9
3055.8,3507.4,1085.9
3055.8,3507.3,1085.7
3055.8,3507.2,1085.5
3055.8,3507.1,1085.4
3055.8,3507.4,1086
3055.8,3507.5,1086
3055.8,3507.5,1085.9
3055.8,3507.5,1085.9
3055.8,3507.5,1085.9
3055.8,3507.5,1085.9
3055.8,3507.5,1085.9
3055.8,3507.5,1085.9
3055.8,3507.5,1085.9
3055.8,3507.4,1086
3055.8,3507.1,1085.4
3055.8,3507.1,1085.5
3055.8,3507.1,1085.7
3055.8,3507.1,1085.9
3055.8,3507.3,1086
3055.8,3507.4,1086
3055.8,3507.2,1085.5
3055.8,3507.2,1085.5
3055.8,3507.2,1085.6
3055.8,3507.2,1085.6
3055.8,3507.2,1085.7
3055.8,3507.2,1085.8
3055.8,3507.2,1085.9
3055.8,3507.2,1086
3055.8,3507.1,1086
3055.8,3507.1,1085.9
3055.8,3507,1085.6
3055.8,3506.9,1085.5
3055.8,3506.9,1085.5
3055.8,3506.9,1085.5
3055.8,3506.9,1085.5
3055.8,3506.9,1085.5
3055.8,3506.9,1085.5
3055.8,3507,1085.5
3055.8,3507,1085.6
3055.8,3507.1,1085.7
3055.8,3507.2,1085.8
3055.8,3507.2,1085.9
3055.8,3507.2,1085.9
3055.8,3507.1,1086
3055.8,3507,1085.4
3055.8,3507,1085.4
3055.8,3507,1085.4
3055.8,3507,1085.4
3055.8,3507,1085.4
3055.8,3507,1085.4
3055.8,3507,1085.4
3055.8,3507,1085.4
3055.8,3507,1085.4
3055.8,3507.1,1085.6
3055.8,3507.3,1086
3055,3511.8,1086.4
3054.1,3516.2,1086.7
3055.8,3507.1,1085.5
3055.8,3507.1,1085.4
3055.8,3507.1,1085.4
3055.8,3507.2,1085.4
3055.8,3507.4,1085.9
3055.8,3507.4,1085.9
3055.8,3507.3,1085.9
3055.8,3507.2,1085.8
3055.8,3507,1085.3
3055.8,3507.2,1085.5
3055.8,3507.4,1085.8
3055.8,3507.3,1085.8
3055.8,3507.3,1085.6
3055.8,3507.2,1085.5
3055.8,3507.2,1085.5
3055.8,3507.1,1085.7
3055.8,3507.1,1085.9
3055.8,3507.2,1085.9
3055.8,3507.4,1085.9
3055.4,3509.8,1086.1
3054.6,3514,1086.5
3054.1,3516.3,1086.6
3054.2,3516.1,1086.6
3054.3,3515.5,1086.5
3054.4,3514.6,1086.4
3054.6,3513.5,1086.2
3054.8,3512.3,1086.1
3055.1,3511,1085.9
3055.3,3509.8,1085.7
3055.5,3508.7,1085.6
3055.6,3507.8,1085.4
3055.8,3507.2,1085.4
3055.8,3507,1085.3
3055.8,3507,1085.3
3055.8,3507,1085.3
3055.8,3507,1085.4
3055.8,3507,1085.4
3055.8,3507,1085.4
3055.8,3507.1,1085.4
3055.8,3507.1,1085.5
3055.8,3507.1,1085.5
3055.8,3507.1,1085.5
3055.8,3507.1,1085.5
3055.8,3507.1,1085.5
3055.8,3507.1,1085.5
3055.8,3507.1,1085.5
3055.8,3507.1,1085.5
3055.8,3507.1,1085.5
3055.8,3507.1,1085.5
3055.8,3507.1,1085.5
3055.8,3507.1,1085.5
3055.8,3507.1,1085.5
3055.8,3507.1,1085.5
3055.8,3507.1,1085.4
3055.8,3507.1,1085.4
3055.8,3507.1,1085.4
3055.7,3507.4,1085.4
3055.6,3508,1085.5
3055.4,3508.9,1085.6
3055.2,3510,1085.8
3055,3511.2,1085.9
3054.8,3512.4,1086.1
3054.6,3513.6,1086.3
3054.4,3514.7,1086.4
3054.3,3515.5,1086.5
3054.2,3516.1,1086.6
3054.1,3516.3,1086.7
3054.6,3514,1086.5
3055.4,3509.7,1086.2
3055.8,3507.3,1086
3055.8,3507.3,1085.9
3055.7,3507.8,1086
3055.5,3509.1,1086.1
3055.1,3510.8,1086.2
3054.8,3512.7,1086.4
3054.5,3514.4,1086.5
3054.3,3515.7,1086.6
3054.2,3516.2,1086.6
3054.1,3516.2,1086.6
3054.1,3516.2,1086.6
3054.1,3516.2,1086.5
3054.1,3516.1,1086.5
3054.1,3516.3,1086.4
3055,3511.7,1086.1
3055.8,3507.1,1085.9
3055,3511.6,1086.3
3054.2,3516.2,1086.6
3054.3,3515.7,1086.6
3054.5,3514.4,1086.4
3054.8,3512.7,1086.2
3055.2,3510.8,1086
3055.5,3509,1085.7
3055.7,3507.7,1085.6
3055.8,3507.1,1085.5
3055.8,3507,1085.4
3055.8,3506.9,1085.4
3055.8,3506.8,1085.4
3055.8,3506.9,1085.4
3055.8,3507,1085.4
3055.8,3507,1085.3
3055.8,3507,1085.3
3055.8,3507,1085.3
3055.8,3507,1085.3
3055.8,3507,1085.3
3055.8,3507,1085.3
3055.8,3506.8,1085.3
3055.8,3507.2,1085.4
3055.6,3508.3,1085.6
3055.3,3509.8,1085.8
3055,3511.5,1086
3054.7,3513.3,1086.2
3054.4,3514.8,1086.4
3054.3,3515.9,1086.5
3054.2,3516.3,1086.6
3054.4,3515,1086.4
3055,3511.9,1086
3055.6,3508.8,1085.6
3055.8,3507.3,1085.4
3055.8,3507.1,1085.4
3055.8,3507,1085.3
3055.8,3507.1,1085.4
3055.8,3507.2,1085.5
3055.8,3507.2,1085.5
3055.8,3507.2,1085.5
3055.8,3507.2,1085.5
3055.8,3507.1,1085.4
3055.8,3507.1,1085.4
3055.8,3507.1,1085.4
3055.8,3507,1085.4
3055.8,3507.1,1085.4
3055.8,3507.1,1085.4
3055.8,3507.2,1085.5
3055.8,3507.4,1086
3055.8,3507.4,1086
3055.8,3507.4,1085.9
3055.8,3507.3,1085.7
3055.8,3507.3,1085.6
3055.8,3507.3,1085.5
3055.8,3507.2,1085.5
3055.8,3507.2,1085.7
3055.8,3507.2,1085.9
3055.8,3507.4,1086
3055.7,3508,1086.1
3055.5,3508.9,1086.2
3055.3,3509.9,1086.3
3055.1,3511.1,1086.3
3054.9,3512.4,1086.4
3054.7,3513.6,1086.4
3054.5,3514.6,1086.5
3054.3,3515.5,1086.5
3054.2,3516.1,1086.5
3054.2,3516.3,1086.5
3055.8,3507,1085.4
3055.8,3507.1,1085.5
3055.8,3507.1,1085.7
3055.8,3507.2,1085.8
3055.8,3507.3,1085.9
3055.8,3507.3,1085.9
3055.8,3507.3,1085.9
3055.8,3507.3,1085.9
3055.8,3507.3,1085.9
3055.8,3507.4,1085.9
3055.8,3507.4,1085.9
3055.8,3507.4,1085.9
3055.8,3507.4,1085.9
3055.7,3508.1,1086
3055.4,3509.8,1086.1
3055,3511.9,1086.2
3054.6,3514,1086.4
3054.3,3515.7,1086.5
3054.1,3516.3,1086.5
3055,3511.8,1086.2
3055.8,3507.2,1085.9
3055.8,3507.5,1085.9
3055.6,3508.3,1086
3055.4,3509.5,1086.1
3055.1,3511,1086.2
3054.8,3512.5,1086.3
3054.6,3513.9,1086.4
3054.3,3515.1,1086.5
3054.2,3516,1086.6
3054.1,3516.3,1086.6
3055.8,3507.1,1085.4
3055.8,3507.1,1085.4
3055.8,3507.1,1085.5
3055.8,3507.2,1085.7
3055.8,3507.3,1085.8
3055.8,3507.3,1085.9
3055.8,3507.4,1085.9
3055.9,3507.4,1086
3055.9,3507.4,1086
3055.9,3507.4,1085.9
3055.9,3507.3,1085.9
3055.9,3507.3,1085.9
3055.9,3507.3,1085.8
3055.8,3507.3,1085.8
3055.8,3507.2,1085.7
3055.8,3507.2,1085.7
3055.8,3507.2,1085.6
3055.8,3507.1,1085.6
3055.8,3507.1,1085.5
3055.8,3507.1,1085.5
3055.8,3507.1,1085.5
3055.8,3507.1,1085.6
3055.8,3507.2,1085.8
3055.8,3507.3,1086
3055.8,3507.3,1086
3055.8,3507.4,1086
3055.8,3507.4,1086
3055.8,3507.4,1086
3055.8,3507.5,1086
3055.8,3507.5,1086
3055.8,3507.4,1085.9
3055.8,3507.4,1085.8
3055.9,3507.3,1085.6
3055.9,3507.2,1085.4
3055.9,3507.1,1085.4
3055,3511.8,1085.9
3054.2,3516.4,1086.5
3055,3511.7,1085.9
3055.8,3507.1,1085.4
3055.4,3509.4,1085.7
3054.6,3513.8,1086.2
3054.1,3516.2,1086.5
3054.3,3515.5,1086.5
3054.6,3513.9,1086.4
3055,3511.7,1086.2
3055.4,3509.5,1086
3055.7,3507.8,1085.9
3055.8,3507.2,1085.9
3055.7,3507.6,1085.9
3055.5,3508.6,1086
3055.3,3510.1,1086.1
3055,3511.8,1086.3
3054.6,3513.5,1086.4
3054.4,3514.9,1086.6
3054.2,3516,1086.7
3054.1,3516.4,1086.7
3055,3511.7,1086.3
3055.8,3507.1,1086
3055.8,3507.2,1086
3055.8,3507.4,1086
3055.8,3507.5,1086
3055.8,3507.4,1085.9
3055.8,3507.4,1085.8
3055.8,3507.4,1085.6
3055.8,3507.4,1085.5
3055.8,3507.3,1085.4
3055.8,3507.3,1085.9
3055.8,3507.2,1085.9
3055.8,3507.2,1085.8
3055.8,3507.2,1085.7
3055.8,3507.2,1085.6
3055.8,3507.2,1085.5
3055.8,3507.2,1085.4
3055.8,3507.1,1085.4
3055.8,3507.1,1085.4
3055.8,3507.1,1085.3
3055.8,3507.1,1085.3
3055.6,3508.6,1085.5
3055.1,3511.8,1086
3054.5,3515,1086.5
3054.2,3516.5,1086.7
3054.2,3516.4,1086.7
3054.2,3516.4,1086.7
3054.2,3516.3,1086.6
3054.2,3516.3,1086.6
3054.1,3516.3,1086.6
3054.1,3516.3,1086.6
3054.1,3516.3,1086.5
3054.6,3513.9,1086.2
3055.4,3509.5,1085.7
3055.8,3507.1,1085.4
3055.8,3507.1,1085.4
3055.8,3507.1,1085.3
3055.8,3507.1,1085.3
3055.8,3507.1,1085.3
3055.8,3507.1,1085.2
3055.8,3507.1,1085.2
3055.8,3507.2,1085.2
3055.8,3507.2,1085.2
3055.8,3507.2,1085.2
3055.8,3507.3,1085.3
3055.8,3507.3,1085.4
3055.8,3507.4,1085.4
3055.8,3507.3,1085.4
3055.8,3507.3,1085.4
3055.6,3508.7,1085.6
3055.1,3511.8,1086
3054.5,3514.8,1086.5
3054.2,3516.2,1086.7
3054.1,3516.2,1086.6
3055,3511.5,1086.1
3055.8,3506.8,1085.6
3055.8,3506.8,1085.5
3055.8,3506.9,1085.4
3055.8,3506.9,1085.4
3055.8,3506.9,1085.4
3055.8,3507.1,1085.5
3055.8,3507.2,1085.5
3055.8,3507.3,1085.5
3055.8,3507.5,1085.5
3055.7,3508,1085.6
3055.6,3508.5,1085.6
3055.5,3509.2,1085.7
3055.4,3510,1085.8
3055.2,3510.8,1085.9
3055.1,3511.7,1086.1
3054.9,3512.5,1086.2
3054.7,3513.4,1086.3
3054.6,3514.1,1086.4
3054.4,3514.8,1086.5
3054.3,3515.4,1086.6
3054.2,3515.9,1086.6
3054.1,3516.2,1086.7
3054.1,3516.3,1086.7
3054.1,3516.3,1086.7
3054.1,3516.3,1086.7
3054.1,3516.2,1086.7
3054.1,3516.2,1086.7
3054.1,3516.1,1086.6
3054.6,3513.8,1086.5
3055.4,3509.5,1086.2
3055.8,3507.2,1085.9
3055.8,3507.2,1085.7
3055.8,3507.2,1085.6
3055.8,3507.3,1085.5
3055.8,3507.2,1085.5
3055.8,3507.1,1085.5
3055.8,3507.1,1085.4
3055.8,3507.1,1085.4
3055.8,3507.1,1085.3
3055.8,3507.1,1085.3
3055.8,3507.2,1085.3
3055.8,3507.2,1085.4
3055.8,3507.3,1085.4
3055.8,3507.3,1085.5
3055.8,3507.3,1085.5
3055.8,3507.2,1085.5
3055.8,3507,1085.5
3055.8,3506.9,1085.5
3055.8,3507.1,1085.6
3055.8,3507.3,1085.8
3055.8,3507.4,1085.9
3055.8,3507.4,1085.9
3055.8,3507.4,1085.9
3055.8,3507.3,1085.9
3055.8,3507.3,1085.8
3055.6,3508.2,1085.9
3055.2,3510.4,1086.1
3054.7,3513,1086.3
3054.3,3515.2,1086.4
3054.2,3516.2,1086.5
3054.2,3516.2,1086.5
3054.2,3516.3,1086.5
3054.2,3516.3,1086.5
3054.2,3516.3,1086.5
3054.2,3516.3,1086.6
3054.2,3516.3,1086.6
3054.3,3515.4,1086.5
3054.7,3513.2,1086.4
3055.2,3510.6,1086.2
3055.6,3508.4,1086
3055.8,3507.4,1085.9
3055.8,3507.3,1085.8
3055.8,3507.2,1085.7
3055.8,3507.2,1085.6
3055.8,3507.1,1085.5
3055.8,3507.1,1085.5
3055.8,3507,1085.4
3055.8,3507,1085.4
3055.8,3507,1085.4
3055.8,3507,1085.4
3055.8,3507.1,1085.4
3055.8,3507.1,1085.4
3055.8,3507.1,1085.4
3055.7,3507.7,1085.5
3055.5,3509,1085.7
3055.2,3510.7,1085.9
3054.8,3512.7,1086.1
3054.5,3514.4,1086.3
3054.2,3515.7,1086.5
3054.1,3516.2,1086.5
3054.2,3515.9,1086.5
3054.3,3515.3,1086.5
3054.5,3514.2,1086.5
3054.7,3513,1086.4
3054.9,3511.7,1086.4
3055.1,3510.4,1086.3
3055.3,3509.1,1086.2
3055.5,3508.1,1086.1
3055.7,3507.4,1086
3055.8,3507.2,1085.9
3055.8,3507.3,1085.6
3055.8,3507.4,1085.4
3055.8,3507.4,1085.4
3055.8,3507.4,1085.4
3055.8,3507.4,1085.4
3055.8,3507.4,1085.4
3055.8,3507.4,1085.4
3055.8,3507.4,1085.4
3055.8,3507.3,1085.4
3055.8,3507.3,1085.4
3055.8,3507.3,1085.4
3055.8,3507.2,1085.4
3055.8,3507.2,1085.4
3055.8,3507.2,1085.4
3055.8,3507.1,1085.4
3055.8,3507.1,1085.4
3055.8,3507,1085.4
3055.8,3507,1085.3
3055.8,3507,1085.3
3055.8,3507,1085.3
3055.8,3507.1,1085.4
3055.8,3507.1,1085.5
3055.8,3507.2,1085.5
3055.8,3507.2,1085.5
3055.8,3507.2,1085.5
3055.8,3507.2,1085.5
3055.8,3507.2,1085.5
3055.8,3507.2,1085.4
3055.8,3507.2,1085.4
3055.8,3507.3,1085.4
3055.8,3507.3,1085.4
3055.8,3507.3,1085.4
3055.8,3507.3,1085.4
3055.8,3507.2,1085.4
3055.8,3507.2,1085.4
3055.8,3507.1,1085.4
3055.8,3507.1,1085.5
3055.8,3507.1,1085.5
3055.8,3507.1,1085.5
3055.8,3507.2,1085.4
3055.8,3507.1,1085.4
3055.8,3507.1,1085.3
3055.8,3507.1,1085.3
3055.8,3507.1,1085.3
3055.8,3507.1,1085.4
3055.8,3507.2,1085.5
3055.8,3507.2,1085.6
3055.8,3507.3,1085.7
3055.8,3507.3,1085.8
3055.8,3507.3,1085.9
3055.8,3507.3,1085.9
3055.8,3507.2,1085.9
3055.8,3507.2,1085.9
3055.8,3507.1,1085.9
3055.8,3507.1,1085.9
3055.8,3507.1,1085.9
3055.8,3507.1,1085.9
3055.8,3507.1,1085.9
3055.8,3507.1,1085.9
3055.8,3507.1,1085.9
3055.8,3507.1,1085.9
3055.8,3507.1,1085.8
3055.8,3507.1,1085.8
3055.8,3507.1,1085.8
3055.9,3506.9,1085.3
3055.9,3507,1085.5
3055.8,3507.3,1085.8
3055.8,3507.4,1086
3055.8,3507.3,1085.7
3055.8,3507.2,1085.5
3055.8,3507.1,1085.5
3055.8,3507.1,1085.5
3055.8,3507.1,1085.5
3055.8,3507.1,1085.4
3055.8,3507.1,1085.4
3055.8,3507.1,1085.4
3055.8,3507.1,1085.4
3055.8,3507.1,1085.4
3055.8,3507.1,1085.4
3055.8,3507.1,1085.4
3055.8,3507.1,1085.4
3055.8,3507.1,1085.4
3055.8,3507.1,1085.4
3055.8,3507.1,1085.4
3055.8,3507.1,1085.4
3055.8,3507.1,1085.4
3055.8,3507.1,1085.4
3055.8,3507.1,1085.4
3055.8,3507.1,1085.4
3055.8,3507.1,1085.5
3055.8,3507.1,1085.5
3055.8,3507.2,1085.6
3055.8,3507.2,1085.8
3055.8,3507.2,1086
3055.8,3507.2,1085.9
3055.8,3507.1,1085.7
3055.8,3507,1085.5
3055.8,3507,1085.4
3055.8,3507,1085.4
3055.8,3507,1085.4
3055.8,3507,1085.4
3055.8,3507.1,1085.4
3055.8,3507.1,1085.4
3055.8,3507.1,1085.4
3055.8,3507.2,1085.4
3055.8,3507.2,1085.4
3055.8,3507.2,1085.4
3055.8,3507.2,1085.4
3055.8,3507.2,1085.4
3055.8,3507.2,1085.4
3055.8,3507.2,1085.4
3055.8,3507.2,1085.4
3055.8,3507.2,1085.4
3055.8,3507.2,1085.4
3055.8,3507.1,1085.4
3055.8,3507.1,1085.4
3055.8,3507.1,1085.4
3055.8,3507,1085.5
3055.7,3507.7,1085.6
3055.4,3509.4,1085.8
3055,3511.6,1086.1
3054.6,3513.7,1086.3
3054.3,3515.4,1086.5
3054.2,3516.1,1086.6
3055.9,3507.3,1085.4
3055.8,3507.3,1085.4
3055.6,3508.3,1085.5
3055.2,3510.5,1085.8
3054.7,3513.1,1086.2
3054.3,3515.2,1086.5
3054.2,3516.1,1086.6
3055,3511.6,1086
3055.9,3507,1085.5
3055.9,3507.2,1085.5
3055.9,3507.1,1085.5
3055.8,3507,1085.4
3055.8,3506.9,1085.4
3054.2,3516.1,1086.5
3055.8,3507.2,1085.4
3055.8,3507.2,1085.4
3055.9,3507.2,1085.4
3055.9,3507.2,1085.4
3055.9,3507.1,1085.4
3055.9,3507.1,1085.5
3055.9,3507.1,1085.5
3055.9,3507.1,1085.5
3055.8,3507,1085.5
3055.8,3507,1085.5
3055.8,3506.9,1085.5
3055.8,3507,1085.4
3055.8,3507.1,1085.4
3055.8,3507.1,1085.4
3055.8,3507.2,1085.4
3055.8,3507.2,1085.4
3055.8,3507.2,1085.4
3055.8,3507.2,1085.4
3055.8,3507.1,1085.4
3055.8,3507.1,1085.4
3055.8,3507.2,1085.4
3055.8,3507.2,1085.4
3055.8,3507.2,1085.4
3055.8,3507.2,1085.4
3055.8,3507.2,1085.4
3055.8,3507.2,1085.4
3055.8,3507.2,1085.4
3055.8,3507.1,1085.4
3055.8,3507.1,1085.4
3055.8,3507,1085.3
3055.8,3507.1,1085.4
3055.8,3507.2,1085.4
3055.8,3507.2,1085.5
3055.8,3507.2,1085.5
3055.8,3507.2,1085.5
3054.2,3516.2,1086.7
3054.3,3515.3,1086.6
3054.7,3513,1086.2
3055.2,3510.3,1085.8
3055.6,3508,1085.5
3055.8,3507,1085.3
3055.8,3507,1085.3
3055.8,3506.9,1085.3
3055.8,3506.9,1085.4
3055.9,3506.9,1085.4
3055.9,3506.8,1085.4
3055.9,3506.8,1085.4
3055.9,3506.8,1085.5
3055.9,3506.8,1085.5
3055.9,3506.8,1085.5
3055.9,3506.8,1085.5
3055.9,3506.9,1085.5
3055.9,3507,1085.5
3055.8,3507.1,1085.5
3055.8,3507.1,1085.5
3055.8,3507.2,1085.5
3055.8,3507.1,1085.4
3055.8,3507.1,1085.4
3055.8,3507.1,1085.4
3055.9,3507.2,1085.4
3055.9,3507.2,1085.5
3054.2,3516.2,1086.6
3054.6,3513.9,1086.3
3055.4,3509.6,1085.7
3055.8,3507.3,1085.4
3055.4,3509.5,1085.7
3054.6,3513.8,1086.2
3054.2,3516.2,1086.6
3054.2,3516.2,1086.6
3054.2,3516.3,1086.7
3054.2,3516.3,1086.7
3054.4,3514.9,1086.5
3055,3511.7,1086.1
3055.5,3508.5,1085.6
3055.8,3507.1,1085.4
3055.8,3507.2,1085.4
3055.8,3507.3,1085.4
3055.8,3507.3,1085.4
3055.8,3507.2,1085.4
3055.8,3507.1,1085.4
3055.8,3507.1,1085.4
3055.8,3507,1085.4
3055.8,3507,1085.4
3055.8,3507,1085.4
3055.8,3507,1085.4
3055.8,3507,1085.4
3055.8,3507,1085.4
3055.8,3507,1085.4
3055.8,3507,1085.4
3055.8,3507,1085.4
3055.8,3507.2,1085.4
3054.2,3516.3,1086.5
3055.8,3507.2,1085.4
3055.8,3507.1,1085.4
3055.8,3507.1,1085.4
3055.8,3507.1,1085.4
3055.8,3507.1,1085.4
3055.8,3507,1085.4
3055.8,3507,1085.4
3055.8,3507,1085.4
3055.8,3507,1085.4
3055.8,3507,1085.4
3055.8,3507,1085.4
3055.8,3507,1085.4
3055.8,3507,1085.4
3055.8,3507,1085.4
3055.8,3507,1085.4
3055.8,3507,1085.4
3055.8,3507,1085.4
3055.8,3507,1085.4
3055.8,3507,1085.4
3055.8,3507,1085.4
3055.8,3507,1085.4
3055.8,3507,1085.4
3055.8,3507,1085.4
3055.8,3507,1085.4
3055.8,3507.1,1085.4
3055.8,3507.1,1085.4
3055.8,3507.1,1085.4
3055.8,3507.1,1085.4
3055.8,3507.1,1085.4
3055.8,3507.1,1085.4
3055.8,3507.1,1085.4
3055.8,3507,1085.4
3055.8,3507,1085.4
3055.8,3507,1085.4
3055.8,3507,1085.4
3055.8,3507,1085.4
3055.8,3507,1085.4
3055.8,3507,1085.4
3055.8,3507.1,1085.4
3055.4,3509.4,1085.7
3054.6,3513.8,1086.3
3054.2,3516.2,1086.6
3055,3511.6,1086.1
3055.8,3506.9,1085.5
3055.6,3508.4,1085.6
3055,3511.6,1086
3054.4,3514.8,1086.3
3054.1,3516.2,1086.5
3054.2,3515.9,1086.5
3054.3,3515.1,1086.4
3054.6,3513.8,1086.3
3054.8,3512.3,1086.1
3055.1,3510.8,1086
3055.4,3509.3,1085.9
3055.6,3508.1,1085.7
3055.7,3507.2,1085.6
3055.8,3506.9,1085.5
3055.8,3507,1085.5
3055.8,3507,1085.4
3055.8,3507,1085.4
3055.8,3506.9,1085.3
3055.8,3506.9,1085.3
3055.8,3506.9,1085.3
3055.8,3506.9,1085.3
3055.8,3506.9,1085.4
3055.8,3507,1085.4
3055.8,3507,1085.4
3055.8,3507,1085.4
3055.8,3507,1085.4
3055.8,3507,1085.5
3055.8,3507,1085.5
3055.8,3506.9,1085.5
3055.8,3507.1,1085.4
3055.8,3507.1,1085.5
3055.8,3507.1,1085.7
3055.8,3507.1,1085.9
3055.8,3507.3,1085.9
3055.8,3507.5,1085.9
3055.8,3507.5,1085.9
3055.8,3507.4,1085.9
3055.8,3507.4,1085.9
3055.8,3507.3,1085.9
3055.8,3507.3,1085.9
3055.8,3507.2,1085.9
3055.8,3507.2,1085.9
3055.8,3507.2,1085.8
3055.8,3507.4,1085.8
3055.8,3507.2,1085.3
3055.8,3507.2,1085.3
3055.8,3507.2,1085.4
3055.9,3507.2,1085.4
3055.9,3507.2,1085.4
3055.9,3507.2,1085.5
3055.9,3507.2,1085.5
3055.9,3507.2,1085.6
3055.9,3507.2,1085.7
3055.9,3507.2,1085.8
3055.9,3507.2,1086
3054.2,3516.1,1086.5
3054.2,3516,1086.5
3054.3,3515.6,1086.4
3054.4,3514.9,1086.3
3054.5,3514.1,1086.2
3054.7,3513.2,1086.1
3054.9,3512.2,1086
3055.1,3511.1,1085.9
3055.3,3510.1,1085.7
3055.4,3509.2,1085.6
3055.6,3508.3,1085.5
3055.7,3507.7,1085.5
3055.8,3507.2,1085.4
3055.8,3507.1,1085.4
3055.8,3507,1085.4
3055.8,3507,1085.4
3055.8,3507,1085.4
3055.8,3507,1085.4
3055.8,3506.9,1085.4
3055.8,3506.9,1085.4
3055.8,3506.9,1085.4
3055.8,3506.9,1085.4
3055.8,3506.9,1085.4
3055.8,3506.9,1085.4
3055.8,3506.9,1085.4
3055.8,3506.9,1085.4
3055.8,3507,1085.4
3055.8,3507.1,1085.4
3055.8,3507.2,1085.4
3055.8,3507.2,1085.4
3055.8,3507.2,1085.4
3055.8,3507.3,1085.4
3055.8,3507.3,1085.4
3055.8,3507.1,1085.4
3055.8,3507.3,1085.4
3055.7,3507.6,1085.4
3055.6,3508.1,1085.5
3055.5,3508.7,1085.6
3055.4,3509.5,1085.7
3055.2,3510.3,1085.8
3055.1,3511.2,1085.9
3054.9,3512.1,1086
3054.7,3512.9,1086.1
3054.6,3513.8,1086.2
3054.4,3514.5,1086.3
3054.3,3515.2,1086.4
3054.2,3515.7,1086.5
3054.2,3516,1086.5
3054.1,3516.1,1086.5
3054.6,3513.8,1086.2
3055.4,3509.4,1085.7
3055.8,3507.1,1085.4
3055.6,3508.5,1085.6
3055,3511.6,1086
3054.5,3514.8,1086.4
3054.2,3516.2,1086.6
3054.3,3515.5,1086.5
3054.6,3513.9,1086.3
3055,3511.7,1086
3055.4,3509.5,1085.7
3055.7,3507.9,1085.5
3055.8,3507.2,1085.4
3054.2,3516.3,1086.5
3054.3,3515.3,1086.4
3054.8,3513,1086.1
3055.2,3510.3,1085.8
3055.7,3508,1085.5
3055.8,3507,1085.4
3055.8,3507,1085.4
3055.8,3507,1085.4
3055.8,3507,1085.4
3055.8,3507,1085.4
3055.8,3507,1085.4
3055.8,3507,1085.4
3055.8,3507,1085.5
3055.8,3507,1085.5
3055.8,3507,1085.5
3055.8,3507,1085.5
3055.8,3507,1085.5
3055.8,3507,1085.5
3055.8,3507,1085.5
3055.7,3507.6,1085.5
3055.5,3509,1085.7
3055.1,3510.8,1085.9
3054.8,3512.7,1086.1
3054.5,3514.5,1086.4
3054.2,3515.8,1086.5
3054.1,3516.3,1086.6
3054.2,3516,1086.5
3054.3,3515.4,1086.5
3054.5,3514.3,1086.3
3054.7,3513.1,1086.2
3055,3511.7,1086
3055.2,3510.4,1085.9
3055.5,3509.1,1085.7
3055.6,3508.1,1085.6
3055.8,3507.4,1085.5
3055.8,3507.1,1085.5
3055.9,3507.1,1085.5
3055.9,3507.1,1085.5
3055.9,3507.1,1085.5
3055.9,3507.1,1085.5
3055.8,3507.1,1085.5
3055.8,3507.1,1085.5
3055.8,3507.1,1085.5
3055.8,3507.1,1085.5
3055.8,3507.2,1085.5
3055.8,3507.2,1085.5
3055.8,3507.2,1085.5
3055,3511.8,1086
3054.2,3516.3,1086.6
3054.3,3516,1086.6
3054.4,3515.2,1086.5
3054.6,3514.1,1086.3
3054.9,3512.8,1086.2
3055.1,3511.4,1086
3055.4,3510,1085.8
3055.6,3508.9,1085.7
3055.7,3508,1085.5
3055.8,3507.6,1085.5
3055.8,3507.4,1085.4
3055.8,3507.3,1085.4
3055.8,3507.3,1085.4
3055.8,3507.2,1085.3
3055.8,3507.1,1085.3
3055.8,3507.1,1085.4
3055.8,3507.1,1085.4
3055.8,3507,1085.4
3055.8,3507,1085.4
3055.8,3507,1085.5
3055.8,3507,1085.5
3055.8,3506.9,1085.5
3055.8,3506.9,1085.5
3055.8,3506.9,1085.5
3055.8,3507.3,1085.6
3055.6,3508.4,1085.7
3055.3,3509.9,1085.9
3055,3511.6,1086.1
3054.7,3513.3,1086.2
3054.4,3514.8,1086.4
3054.2,3515.9,1086.5
3054.2,3516.3,1086.5
3054.4,3515.3,1086.4
3054.8,3513,1086.2
3055.3,3510.2,1085.9
3055.7,3507.9,1085.7
3055.8,3506.9,1085.5
3055.8,3507,1085.5
3055.8,3507.1,1085.5
3055.8,3507.1,1085.4
3055.8,3507.1,1085.4
3055.8,3507.1,1085.4
3055.8,3507.1,1085.4
3055.8,3507.1,1085.4
3055.8,3507.1,1085.4
3055.8,3507.2,1085.4
3055.8,3507.2,1085.4
3055.8,3507.2,1085.4
3055.8,3507.2,1085.4
3055.8,3507.2,1085.4
3055,3511.7,1086
3054.1,3516.2,1086.6
3054.4,3514.9,1086.4
3054.9,3511.9,1085.9
3055.5,3508.8,1085.5
3055.8,3507.3,1085.3
3055.8,3507.2,1085.5
3055.8,3507.2,1085.5
3055.8,3507.2,1085.5
3055.8,3507.2,1085.5
3055.6,3508.1,1085.6
3055.2,3510.3,1085.8
3054.7,3513,1086.2
3054.3,3515.3,1086.4
3054.1,3516.2,1086.5
3054.1,3516.3,1086.5
3054.1,3516.3,1086.5
3054.1,3516.3,1086.5
3054.6,3513.9,1086.2
3055.4,3509.5,1085.7
3055.8,3507.2,1085.5
3055,3511.7,1086
3054.2,3516.3,1086.6
3054.3,3515.8,1086.5
3054.5,3514.4,1086.3
3054.8,3512.6,1086.1
3055.2,3510.6,1085.9
3055.5,3508.8,1085.6
3055.7,3507.4,1085.4
3055.8,3506.9,1085.4
3055.9,3506.9,1085.4
3055.9,3506.9,1085.5
3055.9,3507,1085.6
3055.9,3507,1085.6
3055.9,3507.1,1085.6
3055.9,3507.1,1085.6
3055.9,3507.1,1085.6
3055.9,3507,1085.6
3055.9,3507,1085.5
3055.9,3506.9,1085.5
3055.9,3506.9,1085.5
3055.9,3506.9,1085.5
3055.8,3506.9,1085.4
3055.8,3506.9,1085.4
3055.8,3506.9,1085.4
3055.8,3506.9,1085.4
3055.9,3506.9,1085.5
3055.9,3506.9,1085.5
3055.9,3506.9,1085.5
3055.9,3506.9,1085.5
3055.9,3506.9,1085.5
3055.9,3506.9,1085.5
3055.9,3507,1085.5
3055.9,3507,1085.5
3055.9,3507,1085.4
3055.9,3507,1085.4
3055.8,3507.1,1085.4
3055.8,3507.1,1085.4
3055.8,3507.1,1085.5
3055.8,3507.1,1085.7
3055.8,3507.1,1085.9
3055.8,3507.1,1085.9
3055.8,3507.2,1086
3055.8,3507.3,1086
3055.8,3507.3,1086
3055.9,3507.3,1086
3055.9,3507.2,1085.9
3055.9,3507.1,1085.8
3055.9,3507,1085.7
3055.9,3506.9,1085.6
3055.9,3506.9,1085.6
3055.8,3507.3,1086
3055.8,3507.3,1086
3055.8,3507.2,1085.9
3055.8,3507.1,1085.8
3055.8,3507,1085.6
3055.8,3506.9,1085.5
3055.8,3506.9,1085.4
3055.8,3506.8,1085.3
3054.1,3516.3,1086.5
3054.2,3515.6,1086.5
3054.6,3514,1086.3
3055,3511.8,1086.1
3055.4,3509.6,1085.8
3055.7,3507.9,1085.7
3055.9,3507.1,1085.6
3055.9,3507.1,1085.8
3055.9,3507,1085.9
3055.9,3507,1085.9
3055.9,3507,1085.7
3055.9,3506.9,1085.6
3055.9,3506.9,1085.5
3055.9,3507,1085.5
3055.8,3507.1,1085.5
3055.8,3507.1,1085.6
3055.8,3507.1,1085.7
3055.8,3507.1,1085.9
3055.8,3507.2,1086
3055.8,3507.2,1086
3055.8,3507.3,1086
3055.8,3507.4,1085.9
3055.8,3507.4,1085.9
3055.8,3507.4,1085.8
3055.8,3507.3,1085.7
3055.8,3507.2,1085.6
3055.8,3507.2,1085.5
3055.8,3507.1,1085.5
3055.8,3507.1,1085.5
3055.8,3507.1,1085.5
3055.8,3507.1,1085.5
3055.8,3507.1,1085.5
3055.8,3507.1,1085.5
3055.8,3507.1,1085.5
3055.8,3507.1,1085.4
3055.8,3507.1,1085.4
3055.8,3507.1,1085.5
3055.8,3507.2,1085.6
3055.8,3507.2,1085.7
3055.8,3507.2,1085.8
3055.8,3507.3,1085.9
3055.8,3507.3,1086
3055.8,3507.3,1086
3055.8,3507.3,1086
3055.8,3507.3,1085.9
3055.8,3507.2,1085.9
3055.8,3507.2,1085.9
3055.8,3507.2,1085.9
3055.8,3507.2,1085.8
3055.8,3507.2,1085.8
3055.8,3507.2,1085.8
3055.8,3507.2,1085.7
3055.8,3507.2,1085.7
3055.8,3507.2,1085.6
3055.8,3507.2,1085.6
3055.8,3507.2,1085.6
3055.8,3507.2,1085.5
3055.8,3507.2,1085.5
3055.8,3507.2,1085.5
3055.8,3507.1,1085.4
3055.8,3507.1,1085.4
3055.8,3507,1085.4
3055.8,3507,1085.4
3054.1,3516.2,1086.6
3054.2,3515.7,1086.6
3054.5,3514.4,1086.4
3054.8,3512.7,1086.2
3055.2,3510.8,1085.9
3055.5,3509,1085.7
3055.7,3507.7,1085.5
3055.8,3507.2,1085.4
3055.7,3507.7,1085.5
3055.5,3509,1085.7
3055.2,3510.7,1085.9
3054.8,3512.7,1086.2
3054.5,3514.4,1086.4
3054.3,3515.7,1086.6
3054.2,3516.2,1086.6
3054.6,3513.8,1086.3
3055.3,3509.5,1085.7
3055.8,3507.1,1085.4
3055.8,3507.1,1085.5
3055.8,3507.1,1085.5
3055.8,3507,1085.5
3055.8,3507,1085.4
3055.8,3507,1085.4
3055.8,3507,1085.4
3055.8,3507,1085.4
3055.8,3507,1085.4
3055.8,3507,1085.4
3055.8,3507,1085.4
3055.8,3507,1085.4
3055.8,3507,1085.4
3055.8,3507,1085.4
3055.8,3507,1085.4
3055.8,3507,1085.4
3055.8,3507,1085.4
3055.8,3507,1085.4
3055.8,3507.1,1085.4
3055.8,3507.1,1085.4
3055.8,3507.1,1085.4
3055.8,3507.1,1085.4
3055.8,3507.1,1085.4
3055.6,3508.5,1085.7
3055,3511.7,1086.1
3054.4,3514.8,1086.5
3054.2,3516.2,1086.7
3054.2,3515.9,1086.7
3054.4,3515.1,1086.5
3054.6,3513.9,1086.4
3054.9,3512.5,1086.2
3055.1,3511,1085.9
3055.4,3509.6,1085.7
3055.6,3508.5,1085.6
3055.8,3507.6,1085.5
3055.8,3507.3,1085.4
3055.6,3508.7,1085.6
3055,3511.8,1086.1
3054.4,3514.9,1086.5
3054.1,3516.3,1086.7
3055.8,3507.4,1085.3
3055.8,3507.2,1085.3
3055.8,3507.1,1085.3
3055.8,3507.1,1085.3
3055.8,3507,1085.3
3055.8,3507,1085.3
3055.8,3507,1085.3
3055.8,3507,1085.4
3055.8,3507.1,1085.4
3055.9,3507.2,1085.4
3055.9,3507.2,1085.5
3055.9,3507.2,1085.5
3055.9,3507.2,1085.5
3055.9,3507.2,1085.5
3055.9,3507.2,1085.5
3055.8,3507.2,1085.5
3055.8,3507.2,1085.5
3055.8,3507.2,1085.5
3055.8,3507.2,1085.5
3055.8,3507.1,1085.5
3055.8,3507.4,1085.5
3055.7,3507.9,1085.5
3055.5,3508.8,1085.6
3055.3,3509.8,1085.8
3055.1,3511,1085.9
3054.9,3512.2,1086.1
3054.6,3513.4,1086.2
3054.4,3514.4,1086.3
3054.3,3515.3,1086.4
3054.2,3515.9,1086.5
3054.1,3516.1,1086.5
3054.1,3516,1086.5
3054.1,3515.9,1086.5
3054.2,3515.8,1086.5
3054.2,3515.6,1086.5
3054.3,3515.3,1086.4
3054.3,3515,1086.4
3054.4,3514.7,1086.4
3054.4,3514.4,1086.3
3054.5,3514,1086.3
3054.6,3513.5,1086.2
3054.7,3513.1,1086.2
3054.7,3512.7,1086.1
3054.8,3512.2,1086.1
3054.9,3511.7,1086
3055,3511.2,1086
3055.1,3510.8,1085.9
3055.2,3510.3,1085.9
3055.3,3509.9,1085.8
3055.3,3509.4,1085.7
3055.4,3509,1085.7
3055.5,3508.6,1085.7
3055.5,3508.3,1085.6
3055.6,3507.9,1085.6
3055.7,3507.6,1085.5
3055.7,3507.4,1085.5
3055.7,3507.2,1085.5
3055.8,3507,1085.5
3055.8,3506.9,1085.5
3055.8,3506.9,1085.5
3055.8,3507.1,1085.5
3055.8,3507.2,1085.5
3055.8,3507.2,1085.5
3055.8,3507.2,1085.4
3055.8,3507.2,1085.4
3055.8,3507.2,1085.4
3055.8,3507.2,1085.4
3055.8,3507.5,1086
3055.8,3507.5,1085.9
3055.8,3507.5,1085.9
3055.8,3507.4,1085.8
3055.8,3507.4,1085.8
3055.8,3507.4,1085.7
3055.8,3507.3,1085.6
3055.8,3507.3,1085.6
3055.8,3507.3,1085.5
3055.8,3507.3,1085.5
3055.8,3507.3,1085.5
3055.8,3507.2,1085.5
3055.8,3507.2,1085.5
3055.8,3507.2,1085.5
3055.8,3507.2,1085.6
3055.8,3507.2,1085.7
3055.8,3507.2,1085.8
3055.8,3507.2,1085.8
3055.8,3507.2,1085.9
3055.8,3507.2,1085.9
3055.8,3507.2,1086
3055.8,3507.2,1086
3055.8,3507.2,1086
3055.8,3507.2,1085.9
3055.8,3507.2,1085.9
3055.8,3507.1,1085.8
3055.8,3507.1,1085.7
3055.8,3507.1,1085.7
3055.8,3507.1,1085.6
3055.8,3507.1,1085.6
3055.8,3507,1085.5
3055.8,3507,1085.5
3055.8,3507.3,1085.9
3055.4,3509.8,1086.2
3054.6,3514.1,1086.4
3054.1,3516.4,1086.5
3054.3,3515.7,1086.5
3054.6,3514.1,1086.4
3055,3511.9,1086.2
3055.4,3509.8,1086.1
3055.7,3508.1,1086
3055.8,3507.4,1085.9
3055.8,3507.3,1085.9
3055.8,3507.3,1085.9
3055.8,3507.3,1085.9
3055.8,3507.3,1085.9
3055.8,3507.3,1085.9
3055.8,3507.3,1085.9
3055.8,3507.3,1085.9
3055.8,3507.3,1085.9
3055.8,3507.3,1085.9
3055.8,3507.3,1085.9
3055.8,3507.3,1085.9
3055.8,3507.4,1086
3055.8,3507.4,1086
3055.8,3507.4,1086
3055.8,3507.4,1085.9
3055.8,3507.3,1085.9
3055.8,3507.3,1085.8
3055.8,3507.3,1085.7
3055.8,3507.3,1085.6
3055.8,3507.2,1085.6
3055.8,3507.2,1085.5
3055.8,3507.2,1085.5
3055.8,3507.2,1085.4
3055.8,3507.1,1085.4
3055.8,3507.1,1085.4
3055.8,3507.1,1085.4
3055.8,3507.1,1085.4
3055.8,3507.1,1085.4
3055.8,3507.1,1085.4
3055.8,3507.1,1085.4
3055.8,3507,1085.4
3055.8,3507,1085.4
3055.8,3507,1085.4
3055.8,3507,1085.4
3055,3511.6,1086
3054.1,3516.2,1086.5
3054.4,3514.8,1086.4
3055,3511.6,1086
3055.5,3508.5,1085.6
3055.8,3507.1,1085.4
3055.8,3507.1,1085.4
3055.8,3507.1,1085.5
3055.8,3507.1,1085.6
3055.8,3507.2,1085.7
3055.8,3507.2,1085.8
3055.8,3507.3,1085.9
3055.8,3507.3,1086
3055.8,3507.3,1085.9
3055.8,3507.2,1085.7
3055.8,3507.1,1085.6
3055.8,3507,1085.4
3055.8,3507,1085.4
3055.8,3507,1085.4
3055.8,3507,1085.4
3055.8,3507,1085.5
3055.8,3507,1085.6
3054.2,3516.3,1086.6
3054.6,3514,1086.3
3055.4,3509.7,1085.8
3055.8,3507.2,1085.4
3055.8,3507.1,1085.4
3055.8,3507.1,1085.4
3055.8,3507.1,1085.4
3055.8,3507.1,1085.4
3055.8,3507,1085.4
3055.8,3507,1085.4
3055.8,3507,1085.4
3055.8,3507,1085.4
3055.8,3507,1085.4
3055.8,3507,1085.4
3055.8,3507,1085.4
3055.8,3507,1085.3
3055.8,3507,1085.3
3055.8,3507,1085.3
3055.8,3507,1085.3
3055.8,3507,1085.3
3055.8,3507,1085.3
3055.8,3507,1085.4
3055.8,3507,1085.4
3055.8,3507,1085.4
3055.8,3507,1085.4
3055.8,3507.1,1085.4
3055.8,3507.1,1085.4
3055.8,3507.1,1085.4
3055.8,3507.1,1085.4
3055.8,3507.1,1085.4
3055.8,3507,1085.4
3055.8,3507.2,1085.4
3055.8,3507.2,1085.4
3055.8,3507.2,1085.4
3055.8,3507.1,1085.4
3055.8,3507.1,1085.4
3055.8,3507,1085.4
3055.8,3507,1085.4
3055.8,3507,1085.4
3055.8,3507,1085.4
3055.8,3507,1085.4
3055.8,3507,1085.4
3055.8,3507,1085.4
3055.8,3507.1,1085.4
3055.8,3507.1,1085.5
3055.8,3507.1,1085.5
3055.8,3507.1,1085.5
3055.8,3507.1,1085.4
3055.8,3507.1,1085.4
3055,3511.7,1086.1
3054.1,3516.3,1086.7
3054.4,3514.9,1086.5
3055,3511.7,1086
3055.6,3508.5,1085.6
3055.8,3507,1085.3
3055.8,3507,1085.3
3055.8,3507,1085.4
3055.8,3507,1085.4
3055.8,3507.1,1085.4
3055.8,3507.1,1085.4
3055.8,3507.1,1085.4
3055.8,3507.1,1085.4
3055.8,3507.1,1085.4
3055.8,3507.1,1085.4
3055.8,3507.1,1085.4
3055.9,3506.9,1085.5
3055.8,3506.9,1085.5
3055.8,3507,1085.4
3055.8,3507,1085.4
3055.8,3507,1085.4
3055.8,3507.1,1085.5
3055.8,3507.1,1085.6
3055.8,3507.1,1085.6
3055.8,3507.2,1085.5
3055.8,3507.2,1085.5
3055.8,3507.2,1085.4
3055.8,3507.2,1085.4
3055.8,3507.2,1085.4
3055.8,3507.2,1085.3
3055.8,3507.1,1085.4
3055.8,3507.1,1085.4
3055.8,3507.1,1085.4
3055.8,3507.1,1085.4
3055.8,3507.1,1085.4
3055.8,3507.1,1085.4
3055.8,3507.1,1085.4
3055.8,3507.1,1085.5
3055.8,3507.2,1085.4
3055.8,3507.1,1085.4
3055.8,3506.9,1085.4
3055.8,3507,1085.4
3055.8,3507.1,1085.4
3055.8,3507.2,1085.4
3055.8,3507.2,1085.4
3055.8,3507.1,1085.5
3055.8,3507.1,1085.5
3055.8,3507.1,1085.5
3055.8,3507.1,1085.5
3055.8,3507.1,1085.5
3055.8,3507.2,1085.5
3055.8,3507.2,1085.5
3055.8,3507.2,1085.5
3055.8,3507.2,1085.4
3055.8,3507.2,1085.4
3055.8,3507.2,1085.5
3055.8,3507.1,1085.5
3055.8,3507.1,1085.5
3055.8,3507,1085.5
3055.8,3507,1085.5
3055.8,3507.1,1085.5
3055.8,3507.2,1085.5
3055.8,3507.2,1085.5
3055.8,3507.2,1085.5
3055.8,3507.2,1085.5
3055.8,3507.2,1085.5
3055.8,3507.2,1085.5
3055.8,3507.2,1085.5
3055.8,3507.2,1085.5
3055.8,3507.2,1085.5
3055.8,3507.1,1085.5
3055.8,3507.1,1085.5
3055.8,3507.1,1085.5
3055.8,3507.1,1085.5
3055.8,3507.1,1085.5
3055.8,3507.1,1085.5
3055.8,3507.1,1085.5
3055.8,3507.1,1085.5
3055.8,3507.1,1085.5
3055.9,3507.1,1085.5
3055.9,3507.2,1085.5
3055.9,3507.2,1085.5
3055.9,3507.2,1085.5
3055.9,3507.3,1085.5
3055.9,3507.3,1085.5
3055.9,3507.3,1085.5
3055.9,3507.3,1085.5
3055.9,3507.3,1085.5
3055.9,3507.3,1085.5
3055.9,3507.3,1085.5
3055.9,3507.3,1085.5
3055.9,3507.3,1085.5
3055.9,3507.3,1085.5
3055.9,3507.3,1085.5
3055.8,3507.3,1085.5
3055.8,3507.3,1085.5
3055.8,3507.3,1085.5
3055.8,3507.2,1085.5
3055.8,3507,1085.4
3055.8,3506.9,1085.4
3055.8,3507,1085.4
3055.8,3507,1085.5
3055.8,3507.2,1085.7
3055.8,3507.4,1085.9
3055,3511.9,1086.3
3054.2,3516.4,1086.7
3054.6,3514,1086.4
3055.4,3509.7,1086
3055.8,3507.3,1085.8
3055.8,3507.2,1085.8
3055.8,3507.2,1085.8
3055.8,3507.2,1085.8
3055.8,3507.1,1085.8
3055.8,3507,1085.8
3055.8,3506.7,1085.3
3055.8,3507,1085.4
3055.8,3507,1085.4
3055.8,3507.1,1085.4
3055.8,3507.1,1085.4
3055.8,3507.1,1085.4
3055.8,3507.1,1085.3
3055.8,3507.1,1085.3
3055.4,3509.5,1085.7
3054.6,3513.9,1086.3
3054.1,3516.3,1086.6
3055,3511.8,1086.1
3055.9,3507.2,1085.5
3055.8,3507.1,1085.6
3055.8,3507.1,1085.8
3055.8,3507,1085.8
3055.8,3507,1085.8
3055.8,3507.1,1085.8
3055.8,3507.2,1085.9
3055.8,3507.2,1085.9
3055.8,3506.9,1085.5
3055.8,3506.9,1085.4
3055.8,3507,1085.4
3055.8,3507.1,1085.4
3055.8,3507.3,1085.9
3055.7,3507.7,1086
3055.6,3508.4,1086.2
3055.5,3509.3,1086.3
3055.3,3510.4,1086.3
3055.1,3511.6,1086.4
3054.8,3512.7,1086.5
3054.6,3513.8,1086.5
3054.5,3514.8,1086.6
3054.3,3515.6,1086.6
3054.2,3516.1,1086.6
3054.2,3516.3,1086.6
3054.2,3516.3,1086.6
3054.2,3516.3,1086.6
3054.2,3516.3,1086.6
3054.2,3516.3,1086.5
3055,3511.8,1086.3
3055.8,3507.3,1086
3055.9,3507.2,1085.5
3055.8,3507.2,1085.6
3055.8,3507.2,1085.8
3055.8,3507.1,1085.9
3055.8,3507.1,1085.9
3055.8,3507.1,1085.7
3055.8,3507,1085.5
3055.8,3507,1085.4
3055.8,3507.1,1085.4
3055.8,3507.2,1085.5
3055.5,3508.7,1085.6
3054.9,3511.8,1086
3054.3,3514.9,1086.3
3054.1,3516.3,1086.5
3054.2,3515.9,1086.5
3054.4,3514.8,1086.4
3054.6,3513.3,1086.2
3055,3511.7,1086
3055.3,3510,1085.8
3055.6,3508.5,1085.7
3055.8,3507.5,1085.6
3055.8,3507.1,1085.5
3055.8,3507.1,1085.6
3055.8,3507.1,1085.6
3055.8,3507.2,1085.7
3055.8,3507.3,1085.8
3055.8,3507.4,1085.9
3055.8,3507.5,1086
3055.8,3507.5,1086
3055.8,3507.6,1086.1
3055.8,3507.3,1086
3055.8,3507.1,1085.9
3055.8,3507.1,1085.9
3055.8,3507.1,1086
3055.8,3507.1,1086
3055.8,3507.2,1086
3055.8,3507.2,1086
3055.8,3507.1,1085.7
3055.8,3507.1,1085.4
3055,3511.7,1086
3054.2,3516.3,1086.6
3054.4,3515.4,1086.5
3054.8,3513.2,1086.4
3055.3,3510.5,1086.2
3055.7,3508.3,1086
3055.9,3507.3,1085.9
3055.8,3507.3,1085.9
3055.8,3507.3,1086
3055.8,3507.3,1086
3055.8,3507.3,1086
3055.8,3507.3,1086
3055.8,3507.2,1086
3055.8,3507.2,1086
3055.8,3507.2,1086
3055.8,3507.2,1086
3055.8,3507.2,1086
3055.8,3507.2,1085.8
3055.8,3507.2,1085.5
3055.8,3507.2,1085.5
3055.8,3507.2,1085.5
3055.8,3507.1,1085.4
3055.8,3507.1,1085.4
3055.8,3507.1,1085.4
3055.8,3507.1,1085.4
3055.8,3507.1,1085.4
3055.8,3507.1,1085.4
3055.8,3507.1,1085.4
3055.8,3507.1,1085.4
3055.8,3507.1,1085.4
3055.8,3507.2,1085.4
3055.8,3507.3,1085.5
3055.8,3507.5,1085.5
3055.7,3507.9,1085.6
3055.6,3508.5,1085.6
3055.5,3509.1,1085.7
3055.4,3509.8,1085.8
3055.3,3510.6,1085.9
3055.1,3511.4,1086
3055,3512.2,1086.1
3054.8,3513,1086.2
3054.7,3513.8,1086.3
3054.6,3514.5,1086.4
3054.5,3515.1,1086.4
3054.4,3515.6,1086.5
3054.3,3516.1,1086.5
3054.2,3516.3,1086.6
3054.2,3516.4,1086.6
3054.1,3516.3,1086.5
3055.8,3506.9,1085.4
3055.8,3507,1085.4
3055.8,3507,1085.4
3055.8,3507.1,1085.5
3055.8,3507.2,1085.5
3055.8,3507.2,1085.5
3055.8,3507.2,1085.5
3055.8,3507.3,1085.5
3055.8,3507.2,1085.5
3055.8,3507.2,1085.5
3055.8,3507.2,1085.4
3055.8,3507.2,1085.4
3055.7,3507.8,1085.5
3055.4,3509.6,1085.7
3055,3511.8,1086
3054.6,3514,1086.4
3054.3,3515.7,1086.6
3054.2,3516.4,1086.7
3054.6,3514,1086.3
3055.4,3509.7,1085.7
3055.8,3507.3,1085.4
3055.8,3507.3,1085.4
3055.8,3507.3,1085.4
3055.8,3507.3,1085.4
3055.8,3507.2,1085.4
3055.8,3507.2,1085.4
3055.8,3507.2,1085.5
3055.8,3507.2,1085.5
3055.8,3507.2,1085.5
3055.8,3507.3,1085.4
3055.8,3507.4,1085.4
3055.8,3507.3,1085.4
3055.8,3507.3,1085.4
3055.8,3507.3,1085.4
3054.2,3516.3,1086.6
3054.3,3515.8,1086.5
3054.5,3514.6,1086.4
3054.8,3512.8,1086.1
3055.1,3510.9,1085.9
3055.5,3509.1,1085.7
3055.7,3507.8,1085.5
3055.8,3507.2,1085.4
3055.8,3507.1,1085.5
3055.8,3507.2,1085.6
3055.7,3507.6,1085.7
3055.6,3508.3,1085.8
3055.5,3509.2,1085.9
3055.3,3510.1,1086
3055.1,3511.2,1086.1
3054.9,3512.3,1086.3
3054.7,3513.3,1086.4
3054.5,3514.3,1086.5
3054.4,3515.1,1086.6
3054.3,3515.8,1086.6
3054.2,3516.2,1086.7
3054.2,3516.4,1086.7
3055,3511.7,1086.1
3055.8,3507,1085.6
3055.8,3507,1085.5
3055.8,3507,1085.4
3055.8,3507.1,1085.4
3055.8,3507.2,1085.4
3055.8,3507.2,1085.3
3055.8,3507.2,1085.3
3055.8,3507.1,1085.4
3055.8,3507.1,1085.5
3055.8,3507.1,1085.5
3055.8,3507.1,1085.5
3055.8,3507.1,1085.5
3055.8,3507.1,1085.5
3055.8,3507.1,1085.5
3055.8,3507.1,1085.5
3055.8,3507.1,1085.5
3055.8,3507.1,1085.5
3055.8,3507.1,1085.5
3055.8,3507.2,1085.5
3055.8,3507.2,1085.5
3055.8,3507.2,1085.4
3055.8,3507.2,1085.4
3055.8,3507.2,1085.4
3055.8,3507.2,1085.4
3055.8,3507.1,1085.4
3055.8,3507.1,1085.4
3055.8,3507.1,1085.4
3055.8,3507.1,1085.4
3055.8,3507.1,1085.4
3055.8,3507.1,1085.4
3055.8,3507.1,1085.4
3055.8,3507.1,1085.4
3055.8,3507.1,1085.4
3055.8,3507,1085.5
3055.8,3507,1085.5
3055.8,3507,1085.5
3055.8,3507,1085.5
3055.8,3507,1085.5
3055.8,3507,1085.5
3055.8,3506.9,1085.5
3055.8,3506.9,1085.4
3055.8,3506.9,1085.4
3055.4,3509.3,1085.7
3054.5,3513.8,1086.3
3054.1,3516.2,1086.6
3054.5,3513.8,1086.3
3055.4,3509.3,1085.8
3055.8,3506.9,1085.5
3055.8,3506.9,1085.5
3055.8,3506.9,1085.5
3055.8,3506.9,1085.5
3055.8,3506.9,1085.5
3055.8,3506.9,1085.5
3055.8,3506.9,1085.5
3055.8,3506.9,1085.5
3055.8,3506.9,1085.5
3055.8,3507,1085.5
3055.8,3507,1085.5
3055.8,3507,1085.5
3055.8,3507,1085.5
3055.7,3507.6,1085.6
3055.5,3508.9,1085.7
3055.2,3510.7,1086
3054.8,3512.7,1086.2
3054.5,3514.5,1086.4
3054.2,3515.8,1086.6
3054.1,3516.4,1086.6
3055.8,3507.1,1085.4
3055.8,3507.1,1085.4
3055.8,3507.1,1085.4
3055.8,3507.1,1085.4
3055.8,3507.1,1085.4
3055.8,3507.1,1085.5
3055.8,3507.1,1085.5
3055.8,3507.1,1085.5
3055.8,3507.1,1085.5
3055.8,3507,1085.5
3055.8,3507,1085.5
3055.8,3507,1085.5
3055.8,3507,1085.5
3055.8,3507,1085.5
3055.8,3507,1085.5
3055.8,3507,1085.5
3055.8,3507,1085.5
3055.8,3507,1085.5
3055.8,3507,1085.4
3055.8,3507.1,1085.4
3055.8,3507.1,1085.4
3055.8,3507.1,1085.4
3055.8,3507.1,1085.4
3055.8,3507.1,1085.4
3055.8,3507.1,1085.4
3055.8,3507.1,1085.4
3055.8,3507.1,1085.4
3055.8,3507,1085.4
3055.8,3507,1085.4
3055.8,3507,1085.5
3055.8,3507,1085.5
3055.8,3507,1085.6
3055,3511.7,1086.1
3054.2,3516.3,1086.7
3055.8,3507.1,1085.4
3055.8,3507,1085.5
3055.8,3507,1085.5
3055.8,3507,1085.5
3055.8,3507,1085.5
3055.8,3507,1085.5
3055.8,3507,1085.5
3055.8,3507,1085.5
3055.8,3507,1085.5
3055.8,3507,1085.5
3055.8,3507,1085.5
3055.8,3507,1085.5
3055.8,3507,1085.5
3055.8,3507,1085.5
3055.8,3507.2,1085.4
3055.8,3507.2,1085.4
3055.8,3507.2,1085.4
3055.8,3507.2,1085.4
3055.8,3507.2,1085.4
3055.8,3507.2,1085.5
3055.8,3507.2,1085.5
3055.8,3507.2,1085.5
3055.8,3507.2,1085.5
3055.8,3507.2,1085.5
3055.8,3507.2,1085.5
3055.8,3507.2,1085.5
3055.8,3507.2,1085.5
3055.8,3507.2,1085.5
3055.8,3507.2,1085.5
3055.8,3507.2,1085.5
3055.8,3507.1,1085.5
3055.8,3507.1,1085.5
3055.8,3507.1,1085.5
3055.3,3509.5,1085.8
3054.5,3513.9,1086.4
3054.1,3516.3,1086.7
3054.9,3511.7,1086.1
3055.8,3507.2,1085.4
3055.8,3507.2,1085.4
3055.8,3507.2,1085.4
3055.8,3507.2,1085.4
3055.8,3507.2,1085.4
3055.8,3507.2,1085.4
3055.8,3507.2,1085.5
3055.8,3507.2,1085.5
3055.8,3507.2,1085.5
3055.8,3507.2,1085.5
3055.8,3507.2,1085.5
3055.8,3507.2,1085.5
3055.8,3507.1,1085.4
3055.8,3507,1085.4
3055.8,3507.1,1085.4
3055.8,3507.1,1085.4
3055.8,3507.1,1085.4
3055.8,3507.1,1085.4
3055.8,3507.2,1085.4
3055.8,3507.2,1085.4
3055.8,3507.2,1085.5
3055.8,3507.2,1085.5
3055.8,3507.2,1085.5
3055.8,3507.2,1085.5
3055.8,3507.2,1085.5
3055.8,3507.2,1085.4
3055.8,3507.2,1085.4
3055.8,3507.2,1085.4
3055.8,3507.3,1085.4
3055.8,3507.3,1085.4
3055.8,3507.3,1085.4
3055.8,3507.3,1085.4
3054.2,3516.2,1086.5
3055,3511.7,1086
3055.8,3507.2,1085.4
3055.8,3507.1,1085.4
3055.8,3507.1,1085.4
3055.8,3507,1085.4
3055.8,3507,1085.4
3055,3511.7,1086.1
3054.1,3516.3,1086.7
3055.8,3507,1085.4
3055.8,3507.2,1085.4
3055.7,3507.8,1085.5
3055.5,3508.7,1085.6
3055.3,3509.8,1085.7
3055.1,3511,1085.9
3054.9,3512.2,1086
3054.7,3513.4,1086.2
3054.5,3514.5,1086.3
3054.3,3515.4,1086.4
3054.2,3516,1086.5
3054.1,3516.2,1086.5
3055,3511.7,1086
3055.8,3507.2,1085.4
3055.8,3507.2,1085.4
3055.8,3507.2,1085.4
3055.8,3507.2,1085.4
3055.8,3507.2,1085.4
3055.8,3507.2,1085.5
3055.8,3507.2,1085.5
3055.8,3507.2,1085.5
3055.8,3507.2,1085.5
3055.8,3507.2,1085.6
3055.8,3507.2,1085.6
3055.8,3507.2,1085.6
3055.8,3507.2,1085.7
3055.8,3507.2,1085.7
3055.8,3507.2,1085.7
3055.8,3507.2,1085.7
3055.8,3507.2,1085.8
3055.8,3507.3,1085.8
3055.8,3507.3,1085.8
3055.8,3507.3,1085.9
3055.8,3507.3,1085.9
3055.8,3507.3,1085.9
3055.8,3507.3,1085.9
3055.8,3507.3,1085.9
3055.8,3507.3,1085.9
3055.8,3507.3,1085.9
3055.8,3506.9,1085.4
3055.8,3506.9,1085.5
3055.8,3506.9,1085.5
3055.8,3506.9,1085.5
3055.8,3506.9,1085.4
3055.8,3506.9,1085.4
3055.8,3506.8,1085.4
3055.8,3507,1085.5
3055.8,3507,1085.5
3055.8,3507.1,1085.6
3055.8,3507.2,1085.7
3055.8,3507.2,1085.7
3055.8,3507.3,1085.8
3055.8,3507.3,1085.9
3055.8,3507.4,1086
3055.8,3507.4,1086
3055.8,3507.4,1086.1
3055.8,3507.4,1086.1
3055.8,3507.2,1085.5
3055.8,3507.2,1085.6
3055.8,3507.2,1085.7
3055.8,3507.3,1085.9
3055.8,3507.3,1086
3055.8,3507.3,1086
3055.8,3507.3,1086
3055.8,3507.3,1086
3055.8,3507.3,1086
3055.8,3507.3,1085.9
3055.8,3507.3,1085.9
3055.8,3507.1,1085.6
3055.8,3506.9,1085.4
3055.8,3506.9,1085.5
3055.5,3508.4,1085.7
3055,3511.6,1086.1
3054.4,3514.8,1086.4
3054.1,3516.3,1086.5
3054.1,3516.4,1086.5
3054.1,3516.4,1086.5
3054.1,3516.4,1086.6
3054.1,3516.4,1086.6
3054.1,3516.4,1086.6
3054.2,3516.4,1086.6
3054.2,3516.4,1086.6
3054.2,3516.3,1086.7
3054.2,3516.3,1086.7
3054.2,3516.3,1086.7
3054.2,3516.3,1086.7
3054.2,3516.3,1086.7
3054.2,3516.3,1086.7
3054.2,3516.3,1086.7
3054.2,3516.2,1086.7
3054.1,3516.2,1086.6
3054.1,3516.2,1086.6
3055,3511.7,1086.3
3055.8,3507.3,1086
3055.8,3507.3,1086
3055.8,3507.3,1086.1
3055.8,3507.2,1085.5
3055.8,3507.2,1085.6
3055.8,3507.2,1085.8
3055.8,3507.2,1085.9
3055.8,3507.2,1086
3055.8,3507.2,1086
3055.6,3507.9,1086
3055.3,3509.6,1086.1
3055,3511.8,1086.3
3054.6,3513.9,1086.4
3054.3,3515.6,1086.5
3054.2,3516.3,1086.6
3055.8,3507,1085.5
3055.8,3507,1085.5
3055.8,3507,1085.5
3055.8,3507.1,1085.5
3055.8,3507.1,1085.4
3055.8,3507.2,1085.4
3055.8,3507.1,1085.4
3055.8,3507.1,1085.4
3055.8,3507.1,1085.5
3055.8,3507,1085.5
3055.8,3507,1085.5
3055.8,3506.9,1085.5
3055.8,3507,1085.5
3055.8,3507.1,1085.6
3055.8,3507.1,1085.6
3055.8,3507.1,1085.6
3055.8,3507.1,1085.5
3055.8,3507.1,1085.5
3055.8,3507.1,1085.5
3055.8,3507.1,1085.4
3055.8,3507,1085.4
3055.8,3507,1085.4
3055.7,3507.4,1085.5
3055.5,3508.5,1085.6
3055.3,3510,1085.8
3055,3511.7,1086.1
3054.6,3513.4,1086.3
3054.4,3514.9,1086.5
3054.2,3516,1086.7
3054.1,3516.4,1086.7
3054.2,3516.1,1086.7
3054.3,3515.5,1086.6
3054.5,3514.4,1086.5
3054.7,3513.2,1086.3
3055,3511.9,1086.1
3055.2,3510.5,1085.9
3055.5,3509.2,1085.8
3055.7,3508.2,1085.6
3055.8,3507.4,1085.5
3055.8,3507.1,1085.4
3055.8,3507.1,1085.4
3055.8,3507,1085.4
3055.9,3506.9,1085.4
3055.9,3506.9,1085.4
3055.9,3506.9,1085.4
3055.9,3506.9,1085.4
3055.8,3506.9,1085.4
3055.8,3506.9,1085.4
3055.8,3507,1085.4
3055.8,3507,1085.4
3055.8,3507,1085.4
3055.8,3507,1085.4
3055.8,3507,1085.4
3055.8,3507,1085.4
3055.8,3507,1085.4
3055.8,3506.9,1085.4
3055.8,3506.9,1085.4
3055.8,3506.9,1085.4
3055.8,3507,1085.4
3055.8,3507,1085.4
3055.9,3507,1085.5
3055.9,3507,1085.5
3055.8,3506.9,1085.4
3055,3511.5,1085.9
3054.2,3516.2,1086.4
3054.2,3516.3,1086.6
3054.2,3516.4,1086.6
3054.6,3513.9,1086.3
3055.4,3509.4,1085.7
3055.8,3506.9,1085.4
3055.8,3507,1085.4
3055.7,3507.4,1085.4
3055.6,3508,1085.5
3055.5,3508.8,1085.6
3055.3,3509.6,1085.7
3055.2,3510.6,1085.8
3055,3511.6,1086
3054.8,3512.6,1086.1
3054.6,3513.5,1086.2
3054.5,3514.4,1086.3
3054.3,3515.2,1086.4
3054.2,3515.7,1086.5
3054.2,3516.1,1086.5
3054.1,3516.3,1086.6
3054.2,3516.2,1086.6
3054.2,3515.9,1086.5
3054.3,3515.4,1086.5
3054.4,3514.8,1086.4
3054.5,3514.1,1086.3
3054.6,3513.3,1086.2
3054.8,3512.5,1086.1
3054.9,3511.7,1086
3055.1,3510.8,1085.9
3055.2,3510,1085.8
3055.4,3509.2,1085.7
3055.5,3508.5,1085.6
3055.6,3507.9,1085.5
3055.7,3507.4,1085.5
3055.8,3507.2,1085.4
3055.8,3507,1085.4
3055.9,3507.2,1085.5
3055.8,3507.2,1085.5
3055.8,3507.2,1085.5
3055.8,3507.1,1085.4
3055.8,3507,1085.3
3055.8,3506.9,1085.3
3055.8,3507,1085.3
3055.8,3507,1085.3
3055.8,3507,1085.3
3055.8,3507,1085.4
3055.8,3507.1,1085.4
3055.8,3507.2,1085.5
3055.6,3508.6,1085.7
3055,3511.8,1086
3054.4,3515,1086.4
3054.2,3516.4,1086.5
3054.3,3516,1086.5
3054.4,3514.9,1086.4
3054.7,3513.5,1086.2
3055,3511.8,1086.1
3055.3,3510.1,1085.9
3055.6,3508.6,1085.7
3055.8,3507.6,1085.6
3055.9,3507.2,1085.6
3055.9,3507.2,1085.7
3055.8,3507.2,1085.9
3055.8,3507.2,1086
3055.8,3507.2,1085.9
3055.8,3507.2,1085.9
3055.8,3507.1,1085.6
3055.8,3507,1085.3
3055.8,3507,1085.3
3055.8,3507,1085.4
3055.8,3507,1085.4
3055.8,3507.1,1085.5
3055.8,3507.1,1085.6
3055.8,3507.1,1085.7
3055.8,3507.2,1085.7
3055.8,3507.2,1085.8
3055.8,3507.2,1085.9
3055.8,3507.2,1085.9
3055.8,3507.2,1085.9
3055.8,3507.2,1085.9
3055.8,3507.2,1085.8
3055.8,3507.2,1085.7
3055.8,3507.2,1085.6
3055.8,3507.2,1085.6
3055.8,3507.2,1085.5
3055.8,3507.1,1085.5
3055.8,3507.1,1085.5
3055.8,3507.1,1085.5
3055.8,3507.1,1085.5
3055.8,3507.1,1085.5
3055.8,3507,1085.5
3055.8,3507,1085.5
3055.8,3507,1085.5
3055.8,3507,1085.5
3055.8,3507,1085.5
3055.8,3506.9,1085.5
3055.8,3506.9,1085.5
3055.8,3506.9,1085.5
3055.8,3506.9,1085.5
3055.8,3506.9,1085.5
3055.8,3506.9,1085.5
3055.8,3506.9,1085.5
3055.8,3506.9,1085.5
3055.8,3506.8,1085.5
3055.8,3506.9,1085.5
3055.8,3506.9,1085.6
3055.8,3506.9,1085.7
3055.8,3506.9,1085.8
3055.8,3507,1085.9
3055.8,3507,1086
3055.8,3507,1086.1
3055.8,3507.1,1086.1
3055.8,3507,1086
3055.8,3507,1085.9
